#OTU ID	NP.1133.14.yes.101260.4mnth.124days.R07.P1.E07	NP.1133.14.yes.101468.5mnth.152days.R07.P1.F07	NP.1133.14.yes.101930.6mnth.185days.R07.P1.G07	NP.1143.13.yes.101082.4mnth.128days.R08.P2.H01	NP.1143.13.yes.101334.5mnth.158days.R08.P2.D02	NP.1143.13.yes.101643.6mnth.186days.R08.P2.E02	NP.1144.15.yes.101002.4mnth.129days.R07.P2.A05	NP.1144.15.yes.101205.5mnth.150days.R07.P2.B01	NP.1144.15.yes.101581.6mnth.191days.R07.P2.B02	NP.1173.14.yes.101463.4mnth.119days.R07.P1.D09	NP.1173.14.yes.101833.5mnth.146days.R07.P1.E09	NP.1173.14.yes.102725.6mnth.188days.R07.P1.F09	NP.1193.16.yes.101405.4mnth.126days.R07.P1.G05	NP.1193.16.yes.101820.5mnth.156days.R07.P1.H01	NP.1193.16.yes.102280.6mnth.183days.R07.P1.H02	NP.1194.13.yes.101411.4mnth.130days.R07.P1.D11	NP.1194.13.yes.101770.5mnth.153days.R07.P1.E11	NP.1194.13.yes.102242.6mnth.181days.R07.P1.F11	NP.1209.13.yes.101938.4mnth.127days.R08.P4.E01	NP.1209.13.yes.102629.5mnth.161days.R08.P4.F01	NP.1209.13.yes.103019.6mnth.182days.R08.P4.G01	NP.1221.16.yes.101767.4mnth.127days.R07.P2.G05	NP.1221.16.yes.102240.5mnth.155days.R07.P2.H01	NP.1221.16.yes.102797.6mnth.181days.R07.P2.H02	NP.1238.16.yes.103165.4mnth.127days.R07.P3.E03	NP.1238.16.yes.103768.5mnth.155days.R07.P3.F03	NP.1238.16.yes.104324.6mnth.180days.R07.P3.G03	NP.1241.15.yes.103245.4mnth.125days.R07.P4.A05	NP.1241.15.yes.103835.5mnth.155days.R07.P4.B01	NP.1241.15.yes.104515.6mnth.182days.R07.P4.B02	NP.1265.16.yes.103021.4mnth.130days.R07.P4.G05	NP.1265.16.yes.103563.5mnth.154days.R07.P4.H01	NP.1265.16.yes.104179.6mnth.179days.R07.P4.H02	NP.1266.13.yes.102744.4mnth.126days.R07.P3.E12	NP.1266.13.yes.103276.5mnth.153days.R07.P3.F10	NP.1266.13.yes.103805.6mnth.178days.R07.P3.F11	NP.1268.14.yes.103658.4mnth.128days.R07.P2.E09	NP.1268.14.yes.104339.5mnth.156days.R07.P2.F09	NP.1268.14.yes.105045.6mnth.183days.R07.P2.G09	NP.1269.14.yes.103803.4mnth.127days.R07.P2.E11	NP.1269.14.yes.104437.5mnth.154days.R07.P2.F11	NP.1269.14.yes.105049.6mnth.179days.R07.P2.G11	NP.1276.15.yes.104370.4mnth.126days.R07.P4.D05	NP.1276.15.yes.104694.5mnth.140days.R07.P4.E01	NP.1276.15.yes.106834.6mnth.182days.R07.P4.E02	NP.1293.15.yes.103454.4mnth.126days.R08.P1.A04	NP.1293.15.yes.104076.5mnth.154days.R08.P1.A05	NP.1293.15.yes.104793.6mnth.182days.R08.P1.B01	NP.1299.15.no.103823.4mnth.126days.R07.P3.E05	NP.1299.15.no.104521.5mnth.153days.R07.P3.F05	NP.1299.15.no.105313.6mnth.182days.R07.P3.G05	NP.1300.11.yes.103351.4mnth.128days.R08.P3.F12	NP.1300.11.yes.104006.5mnth.156days.R08.P3.G09	NP.1300.11.yes.104714.6mnth.184days.R08.P3.G10	NP.1304.15.yes.103421.4mnth.127days.R08.P1.D04	NP.1304.15.yes.104134.5mnth.155days.R08.P1.D05	NP.1304.15.yes.104846.6mnth.183days.R08.P1.E01	NP.1305.16.yes.104862.4mnth.125days.R07.P3.E08	NP.1305.16.yes.106702.5mnth.153days.R07.P3.F08	NP.1305.16.yes.107327.6mnth.181days.R07.P3.G08	NP.1307.13.yes.104257.4mnth.128days.R08.P4.A03	NP.1307.13.yes.104973.5mnth.156days.R08.P4.B03	NP.1307.13.yes.105257.6mnth.170days.R08.P4.C03	NP.1309.14.yes.104557.4mnth.126days.R08.P1.E07	NP.1309.14.yes.105315.5mnth.154days.R08.P1.F07	NP.1309.14.yes.107158.6mnth.183days.R08.P1.G07	NP.1316.16.yes.104201.4mnth.126days.R08.P1.G05	NP.1316.16.yes.104938.5mnth.154days.R08.P1.H01	NP.1316.16.yes.106778.6mnth.184days.R08.P1.H02	NP.1317.14.yes.104066.4mnth.129days.R08.P3.C03	NP.1317.14.yes.104762.5mnth.157days.R08.P3.D03	NP.1317.14.yes.105089.6mnth.170days.R08.P3.E03	NP.1319.14.yes.103958.4mnth.125days.R08.P1.E11	NP.1319.14.yes.104605.5mnth.152days.R08.P1.F11	NP.1319.14.yes.106905.6mnth.182days.R08.P1.G11	NP.1324.16.yes.104985.4mnth.117days.R08.P2.E07	NP.1324.16.yes.107146.5mnth.156days.R08.P2.F07	NP.1324.16.yes.108148.6mnth.183days.R08.P2.G07	NP.1333.13.yes.104612.4mnth.127days.R08.P4.E04	NP.1333.13.yes.105261.5mnth.154days.R08.P4.F04	NP.1333.13.yes.102366.6mnth.182days.R08.P4.A05	NP.1343.15.yes.104234.4mnth.128days.R08.P2.A05	NP.1343.15.yes.104944.5mnth.156days.R08.P2.B01	NP.1343.15.yes.105259.6mnth.170days.R08.P2.B02	NP.1364.16.yes.106814.4mnth.122days.R08.P2.E09	NP.1364.16.yes.108041.5mnth.153days.R08.P2.F09	NP.1364.16.yes.108867.6mnth.181days.R08.P2.G09	NP.1366.16.yes.102368.4mnth.126days.R08.P2.G03	NP.1366.16.yes.107907.5mnth.154days.R08.P2.H03	NP.1366.16.yes.108952.6mnth.181days.R08.P2.D04	NP.1395.16.yes.107170.4mnth.128days.R08.P4.E11	NP.1395.16.yes.107924.5mnth.156days.R08.P4.F11	NP.1395.16.yes.108938.6mnth.183days.R08.P4.G11	NP.1398.16.no.109439.4mnth.126days.R08.P2.E11	NP.1398.16.no.110387.5mnth.156days.R08.P2.F11	NP.1398.16.no.111123.6mnth.181days.R08.P2.G11	NP.1426.14.no.110230.4mnth.127days.R08.P3.C11	NP.1426.14.no.111089.5mnth.155days.R08.P3.C12	NP.1426.14.no.111957.6mnth.196days.R08.P3.D09	NP.1436.16.no.108721.4mnth.126days.R08.P4.E09	NP.1436.16.no.308269.5mnth.154days.R08.P4.F09	NP.1436.16.no.110617.6mnth.181days.R08.P4.G09	NP.1445.16.no.109233.4mnth.126days.R09.P4.E07	NP.1445.16.no.110087.5mnth.154days.R09.P4.F07	NP.1445.16.no.110923.6mnth.181days.R09.P4.G07	NP.1454.14.no.110221.4mnth.127days.R09.P1.G01	NP.1454.14.no.111080.5mnth.155days.R09.P1.G02	NP.1454.14.no.111653.6mnth.180days.R09.P1.G03	NP.1463.16.no.109753.4mnth.118days.R09.P4.E03	NP.1463.16.no.110842.5mnth.155days.R09.P4.F03	NP.1463.16.no.111579.6mnth.183days.R09.P4.G03	NP.1470.16.no.110878.4mnth.125days.R09.P1.E07	NP.1470.16.no.111596.5mnth.153days.R09.P1.F07	NP.1470.16.no.112186.6mnth.181days.R09.P1.G07	NP.1511.16.no.112004.4mnth.125days.R09.P1.E09	NP.1511.16.no.112732.5mnth.153days.R09.P1.F09	NP.1511.16.no.113422.6mnth.178days.R09.P1.G09	NP.1513.16.no.111657.4mnth.112days.R09.P1.E11	NP.1513.16.no.112662.5mnth.156days.R09.P1.F11	NP.1513.16.no.113392.6mnth.182days.R09.P1.G11	NP.1585.16.no.114388.4mnth.126days.R09.P2.E01	NP.1585.16.no.115364.5mnth.155days.R09.P2.F01	NP.1585.16.no.115757.6mnth.179days.R09.P2.G01	NP.1592.14.no.113001.4mnth.114days.R09.P3.A12	NP.1592.14.no.114279.5mnth.156days.R09.P3.B08	NP.1592.14.no.115298.6mnth.185days.R09.P3.B09	NP.1596.16.no.114446.4mnth.128days.R09.P4.E01	NP.1596.16.no.115989.5mnth.156days.R09.P4.F01	NP.1596.16.no.116876.6mnth.183days.R09.P4.G01	NP.1597.14.no.115290.4mnth.113days.R09.P3.D11	NP.1597.14.no.116297.5mnth.155days.R09.P3.D12	NP.1597.14.no.117098.6mnth.182days.R09.P3.E08	NP.1605.16.no.115636.4mnth.126days.R09.P2.E07	NP.1605.16.no.116487.5mnth.154days.R09.P2.F07	NP.1605.16.no.117256.6mnth.181days.R09.P2.G07	NP.1606.16.no.114488.4mnth.112days.R09.P2.E09	NP.1606.16.no.116497.5mnth.154days.R09.P2.F09	NP.1606.16.no.117276.6mnth.181days.R09.P2.G09	NP.1611.16.no.115997.4mnth.126days.R09.P2.E11	NP.1611.16.no.116894.5mnth.153days.R09.P2.F11	NP.1611.16.no.117679.6mnth.181days.R09.P2.G11	NP.1614.16.no.116838.4mnth.127days.R09.P3.E01	NP.1614.16.no.117617.5mnth.155days.R09.P3.F01	NP.1614.16.no.118476.6mnth.180days.R09.P3.G01	NP.1615.16.no.115895.4mnth.127days.R09.P3.E03	NP.1615.16.no.116826.5mnth.155days.R09.P3.F03	NP.1615.16.no.117479.6mnth.180days.R09.P3.G03	NP.1633.16.no.117222.4mnth.124days.R09.P3.E05	NP.1633.16.no.118180.5mnth.152days.R09.P3.F05	NP.1633.16.no.119004.6mnth.180days.R09.P3.G05	NP.1676.16.no.120461.4mnth.124days.R09.P4.E09	NP.1676.16.no.121322.5mnth.152days.R09.P4.F09	NP.1676.16.no.122035.6mnth.177days.R09.P4.G09	NP.1720.16.no.122182.4mnth.125days.R11.P1.E04	NP.1720.16.no.122747.5mnth.153days.R11.P1.F04	NP.1720.16.no.123709.6mnth.181days.R11.P1.G04	NP.1738.16.no.121551.4mnth.126days.R11.P1.E07	NP.1738.16.no.122241.5mnth.151days.R11.P1.F07	NP.1738.16.no.122832.6mnth.179days.R11.P1.G07	NP.1774.16.no.123717.4mnth.125days.R11.P1.E11	NP.1774.16.no.124847.5mnth.153days.R11.P1.F11	NP.1774.16.no.125826.6mnth.180days.R11.P1.G11	NP.1791.16.no.123483.4mnth.125days.R11.P2.E02	NP.1791.16.no.124628.5mnth.153days.R11.P2.F02	NP.1791.16.no.125608.6mnth.180days.R11.P2.G02	NP.1809.14.no.125334.4mnth.112days.R09.P1.A05	NP.1809.14.no.126788.5mnth.154days.R09.P1.B01	NP.1809.14.no.127873.6mnth.181days.R09.P1.B02	NP.1813.16.no.125226.4mnth.125days.R10.P1.E08	NP.1813.16.no.126283.5mnth.154days.R10.P1.F08	NP.1813.16.no.127313.6mnth.182days.R10.P1.G08	NP.1826.15.no.126060.4mnth.127days.R10.P2.A05	NP.1826.15.no.127081.5mnth.154days.R10.P2.B01	NP.1826.15.no.128158.6mnth.182days.R10.P2.B02	NP.1951.14.no.131368.4mnth.127days.R10.P1.H01	NP.1951.14.no.130729.5mnth.155days.R10.P1.D02	NP.1951.14.no.134268.6mnth.184days.R10.P1.E02	NP.1985.15.no.132754.4mnth.127days.R10.P2.D05	NP.1985.15.no.130871.5mnth.155days.R10.P2.E01	NP.1985.15.no.134386.6mnth.182days.R10.P2.E02	NP.1991.14.no.131503.4mnth.115days.R10.P2.G05	NP.1991.14.no.130715.5mnth.157days.R10.P2.H01	NP.1991.14.no.134211.6mnth.184days.R10.P2.H02	NP.3108.15.yes.302106.4mnth.115days.R10.P3.A04	NP.3108.15.yes.302801.5mnth.158days.R10.P3.A05	NP.3108.15.yes.303260.6mnth.184days.R10.P3.B01	NP.3110.16.yes.301281.4mnth.112days.R10.P2.E07	NP.3110.16.yes.301565.5mnth.150days.R10.P2.F07	NP.3110.16.yes.302083.6mnth.182days.R10.P2.G07	NP.3167.15.yes.301260.4mnth.124days.R10.P3.D05	NP.3167.15.yes.301424.5mnth.152days.R10.P3.E01	NP.3167.15.yes.301843.6mnth.181days.R10.P3.E02	NP.3185.14.yes.300834.4mnth.126days.R10.P3.G04	NP.3185.14.yes.300892.5mnth.152days.R10.P3.G05	NP.3185.14.yes.301336.6mnth.180days.R10.P3.H01	NP.3217.15.yes.301244.4mnth.126days.R10.P4.G10	NP.3217.15.yes.301483.5mnth.161days.R10.P4.G11	NP.3217.15.yes.301795.6mnth.182days.R10.P4.G12	NP.3276.16.yes.302028.4mnth.125days.R10.P2.E09	NP.3276.16.yes.302478.5mnth.154days.R10.P2.F09	NP.3276.16.yes.302975.6mnth.183days.R10.P2.G09	NP.3294.13.yes.302604.4mnth.128days.R09.P1.D03	NP.3294.13.yes.303100.5mnth.156days.R09.P1.D04	NP.3294.13.yes.303618.6mnth.184days.R09.P1.D05	NP.3307.14.yes.302877.4mnth.129days.R10.P4.G05	NP.3307.14.yes.303359.5mnth.154days.R10.P4.H01	NP.3307.14.yes.303809.6mnth.182days.R10.P4.H02	NP.3322.16.yes.304059.4mnth.128days.R10.P4.B09	NP.3322.16.yes.304609.5mnth.155days.R10.P4.B10	NP.3322.16.yes.305072.6mnth.178days.R10.P4.B11	NP.3330.15.yes.303764.4mnth.112days.R10.P1.A05	NP.3330.15.yes.304642.5mnth.159days.R10.P1.B01	NP.3330.15.yes.305014.6mnth.180days.R10.P1.B02	NP.3353.16.yes.303841.4mnth.127days.R10.P1.E11	NP.3353.16.yes.304351.5mnth.154days.R10.P1.F11	NP.3353.16.yes.304885.6mnth.182days.R10.P1.G11	NP.3377.16.yes.305221.4mnth.127days.R11.P2.E04	NP.3377.16.yes.307032.5mnth.154days.R11.P2.F04	NP.3377.16.yes.307535.6mnth.181days.R11.P2.G04	NP.3392.16.no.307222.4mnth.127days.R11.P2.E07	NP.3392.16.no.307750.5mnth.154days.R11.P2.F07	NP.3392.16.no.308828.6mnth.181days.R11.P2.G07	NP.3450.16.yes.307013.4mnth.126days.R11.P3.H01	NP.3450.16.yes.307529.5mnth.154days.R11.P3.H03	NP.3450.16.yes.308648.6mnth.182days.R11.P3.G02	NP.3468.16.no.307252.4mnth.125days.R11.P3.E04	NP.3468.16.no.307954.5mnth.153days.R11.P3.F04	NP.3468.16.no.308832.6mnth.178days.R11.P3.G04	NP.3510.16.no.309133.4mnth.126days.R11.P3.E09	NP.3510.16.no.309567.5mnth.154days.R11.P3.F09	NP.3510.16.no.309966.6mnth.181days.R11.P3.G09	NP.3567.16.no.310893.4mnth.124days.R11.P4.E04	NP.3567.16.no.311349.5mnth.153days.R11.P4.F04	NP.3567.16.no.311685.6mnth.179days.R11.P4.G04	NP.3621.16.no.312985.4mnth.124days.R11.P4.E07	NP.3621.16.no.313399.5mnth.150days.R11.P4.F07	NP.3621.16.no.313770.6mnth.177days.R11.P4.G07	NP.3628.16.no.313202.4mnth.125days.R11.P4.B01	NP.3628.16.no.313622.5mnth.153days.R11.P4.C01	NP.3628.16.no.313992.6mnth.178days.R11.P4.D01	NP.3660.16.no.314594.4mnth.127days.R11.P4.E09	NP.3660.16.no.314986.5mnth.155days.R11.P4.F09	NP.3660.16.no.315282.6mnth.183days.R11.P4.G09	NP.3689.16.no.314950.4mnth.125days.R11.P4.E11	NP.3689.16.no.315262.5mnth.153days.R11.P4.F11	NP.3689.16.no.315700.6mnth.185days.R11.P4.G11	NP.3690.16.no.315004.4mnth.124days.R11.P3.E11	NP.3690.16.no.315468.5mnth.161days.R11.P3.F11	NP.3690.16.no.315708.6mnth.180days.R11.P3.G11	NP.3703.16.no.316245.4mnth.125days.R11.P2.E11	NP.3703.16.no.316550.5mnth.145days.R11.P2.F11	NP.3703.16.no.317079.6mnth.181days.R11.P2.G11	NP.3711.16.no.315600.4mnth.125days.R11.P2.E09	NP.3711.16.no.315975.5mnth.153days.R11.P2.F09	NP.3711.16.no.316427.6mnth.182days.R11.P2.G09
Corynebacterium	1077.0	25.0	2244.0	315.0	7.0	1273.0	0.0	45.0	180.0	182.0	20.0	8.0	1716.0	125.0	15050.0	1250.0	0.0	0.0	825.0	3497.0	63.0	1116.0	920.0	170.0	4049.0	707.0	3160.0	3854.0	7820.0	1366.0	10880.0	5109.0	3652.0	6281.0	5788.0	2222.0	2833.0	4075.0	2614.0	512.0	1150.0	429.0	11544.0	5596.0	4593.0	352.0	966.0	1123.0	3460.0	4627.0	231.0	1931.0	54.0	33.0	22.0	0.0	23.0	19.0	24.0	396.0	149.0	0.0	3572.0	0.0	168.0	386.0	0.0	4082.0	381.0	0.0	6306.0	657.0	1301.0	748.0	6376.0	2194.0	10974.0	1598.0	951.0	360.0	0.0	225.0	248.0	184.0	244.0	246.0	187.0	12289.0	25.0	1787.0	5143.0	49.0	587.0	275.0	139.0	379.0	66.0	1494.0	699.0	438.0	0.0	83.0	226.0	1426.0	728.0	0.0	523.0	32.0	164.0	665.0	1107.0	14.0	0.0	524.0	2310.0	25.0	41.0	79.0	0.0	0.0	48.0	6.0	56.0	31.0	939.0	2490.0	15.0	96.0	0.0	536.0	3613.0	2768.0	0.0	1960.0	3755.0	0.0	52.0	364.0	108.0	30.0	609.0	760.0	3027.0	1025.0	2182.0	105.0	98.0	5836.0	2661.0	700.0	0.0	25.0	119.0	109.0	2563.0	2147.0	31.0	444.0	17.0	22.0	850.0	142.0	9172.0	1173.0	405.0	187.0	347.0	13.0	141.0	176.0	101.0	6853.0	2221.0	191.0	1851.0	0.0	0.0	1457.0	3176.0	188.0	13895.0	184.0	80.0	9144.0	6045.0	20.0	210.0	111.0	775.0	354.0	18.0	56.0	67.0	9448.0	784.0	1887.0	49.0	5267.0	22.0	76.0	122.0	33.0	77.0	68.0	2776.0	1056.0	1445.0	749.0	0.0	1497.0	1370.0	3773.0	12644.0	4143.0	11.0	11.0	1304.0	479.0	289.0	38.0	48.0	73.0	219.0	105.0	82.0	518.0	0.0	2982.0	21514.0	14818.0	4073.0	17.0	0.0	31.0	14270.0	0.0	6.0	1286.0	19.0	510.0	122.0	322.0	10386.0	402.0	321.0	1183.0	92.0	119.0	0.0	7529.0	8059.0	18.0	229.0	1512.0	1211.0
Porphyromonas	0.0	0.0	0.0	62.0	0.0	0.0	216.0	213.0	0.0	16.0	0.0	0.0	0.0	0.0	0.0	14.0	0.0	0.0	0.0	7.0	0.0	0.0	12.0	0.0	0.0	0.0	187.0	0.0	0.0	0.0	6.0	0.0	0.0	0.0	0.0	0.0	0.0	0.0	0.0	0.0	0.0	0.0	0.0	0.0	0.0	0.0	0.0	9.0	0.0	0.0	0.0	0.0	0.0	0.0	0.0	0.0	0.0	0.0	0.0	0.0	0.0	0.0	0.0	0.0	0.0	0.0	0.0	0.0	0.0	11.0	0.0	2.0	0.0	0.0	0.0	0.0	0.0	3.0	0.0	0.0	0.0	0.0	0.0	0.0	0.0	0.0	0.0	0.0	0.0	0.0	16.0	0.0	0.0	0.0	0.0	48.0	0.0	7.0	0.0	536.0	785.0	74.0	42.0	71.0	0.0	14.0	0.0	0.0	0.0	0.0	0.0	0.0	0.0	0.0	0.0	643.0	255.0	14.0	871.0	384.0	235.0	0.0	277.0	0.0	0.0	0.0	0.0	0.0	70.0	0.0	0.0	0.0	1059.0	0.0	0.0	174.0	618.0	0.0	16.0	39.0	18.0	0.0	0.0	0.0	11.0	0.0	0.0	0.0	0.0	0.0	0.0	0.0	0.0	0.0	0.0	0.0	0.0	0.0	0.0	0.0	0.0	0.0	0.0	0.0	0.0	0.0	0.0	0.0	0.0	0.0	0.0	4.0	1525.0	0.0	0.0	439.0	1246.0	377.0	0.0	0.0	20.0	0.0	34.0	48.0	0.0	0.0	0.0	335.0	602.0	0.0	0.0	0.0	0.0	0.0	31.0	208.0	10.0	0.0	0.0	0.0	0.0	17.0	60.0	0.0	2233.0	0.0	100.0	9.0	0.0	0.0	73.0	0.0	0.0	214.0	66.0	308.0	0.0	145.0	62.0	8.0	0.0	52.0	109.0	0.0	0.0	0.0	1063.0	8.0	18.0	42.0	0.0	12.0	10.0	0.0	0.0	0.0	2726.0	0.0	0.0	0.0	6.0	0.0	0.0	185.0	228.0	0.0	226.0	0.0	0.0	0.0	0.0	0.0	0.0	90.0	0.0
ASV_63	0.0	3.0	0.0	0.0	0.0	0.0	0.0	0.0	0.0	0.0	0.0	0.0	0.0	0.0	0.0	0.0	0.0	0.0	0.0	0.0	0.0	0.0	0.0	0.0	0.0	0.0	0.0	0.0	0.0	0.0	18.0	8.0	0.0	0.0	0.0	0.0	0.0	0.0	0.0	0.0	0.0	0.0	0.0	0.0	0.0	0.0	0.0	0.0	0.0	0.0	0.0	0.0	0.0	0.0	0.0	0.0	0.0	0.0	0.0	0.0	0.0	0.0	0.0	0.0	0.0	0.0	0.0	0.0	0.0	35.0	0.0	0.0	0.0	0.0	0.0	0.0	0.0	0.0	0.0	0.0	0.0	0.0	0.0	0.0	0.0	0.0	0.0	0.0	0.0	0.0	0.0	0.0	0.0	0.0	0.0	0.0	0.0	0.0	0.0	0.0	128.0	0.0	0.0	0.0	0.0	0.0	0.0	0.0	0.0	0.0	0.0	0.0	0.0	0.0	0.0	0.0	0.0	17.0	0.0	234.0	0.0	0.0	0.0	27.0	0.0	0.0	0.0	0.0	0.0	0.0	0.0	0.0	0.0	0.0	0.0	0.0	0.0	0.0	0.0	0.0	0.0	0.0	0.0	0.0	0.0	0.0	0.0	0.0	0.0	0.0	0.0	0.0	0.0	0.0	0.0	0.0	0.0	0.0	0.0	92.0	20.0	7.0	0.0	0.0	0.0	132.0	0.0	0.0	0.0	0.0	0.0	0.0	0.0	0.0	0.0	399.0	428.0	699.0	0.0	0.0	43.0	0.0	0.0	0.0	0.0	0.0	0.0	0.0	0.0	0.0	0.0	0.0	0.0	0.0	0.0	509.0	0.0	0.0	0.0	0.0	0.0	0.0	0.0	0.0	0.0	0.0	0.0	87.0	0.0	0.0	119.0	268.0	0.0	403.0	366.0	821.0	0.0	0.0	0.0	0.0	0.0	0.0	19.0	0.0	0.0	0.0	0.0	0.0	0.0	0.0	42.0	0.0	0.0	0.0	0.0	0.0	0.0	0.0	0.0	0.0	4.0	0.0	0.0	0.0	0.0	0.0	0.0	0.0	0.0	0.0	0.0	0.0	0.0	0.0	0.0
Alloprevotella	0.0	0.0	0.0	56.0	0.0	0.0	0.0	0.0	0.0	70.0	0.0	0.0	0.0	0.0	0.0	0.0	0.0	0.0	0.0	774.0	0.0	0.0	0.0	0.0	0.0	0.0	0.0	41.0	0.0	0.0	58.0	0.0	0.0	0.0	0.0	0.0	0.0	0.0	0.0	0.0	0.0	0.0	0.0	0.0	0.0	0.0	0.0	131.0	0.0	0.0	0.0	0.0	0.0	5.0	0.0	0.0	0.0	0.0	0.0	0.0	22.0	0.0	2.0	0.0	0.0	0.0	0.0	0.0	0.0	0.0	0.0	0.0	0.0	6.0	0.0	0.0	0.0	0.0	0.0	0.0	0.0	0.0	0.0	0.0	0.0	0.0	0.0	0.0	15.0	13.0	0.0	0.0	0.0	0.0	0.0	30.0	13.0	0.0	0.0	26.0	70.0	0.0	0.0	0.0	0.0	38.0	0.0	0.0	7.0	0.0	0.0	0.0	0.0	0.0	0.0	562.0	838.0	0.0	1759.0	321.0	26.0	0.0	0.0	7.0	0.0	0.0	403.0	0.0	0.0	28.0	0.0	0.0	0.0	0.0	0.0	0.0	7.0	0.0	0.0	0.0	0.0	0.0	0.0	0.0	82.0	0.0	0.0	0.0	0.0	0.0	0.0	0.0	0.0	0.0	0.0	0.0	0.0	0.0	0.0	9.0	0.0	14.0	0.0	0.0	0.0	373.0	0.0	18.0	0.0	0.0	0.0	0.0	191.0	0.0	0.0	7.0	7.0	189.0	0.0	0.0	49.0	0.0	25.0	0.0	0.0	0.0	0.0	145.0	0.0	0.0	0.0	0.0	0.0	0.0	0.0	165.0	6.0	0.0	6.0	0.0	0.0	0.0	0.0	78.0	992.0	0.0	0.0	487.0	0.0	0.0	1679.0	94.0	116.0	186.0	73.0	1513.0	0.0	0.0	642.0	0.0	0.0	0.0	16.0	0.0	0.0	0.0	0.0	0.0	0.0	9.0	17.0	0.0	0.0	0.0	0.0	0.0	0.0	0.0	0.0	0.0	0.0	16.0	0.0	973.0	155.0	0.0	108.0	0.0	0.0	0.0	0.0	0.0	0.0	0.0	5.0
Prevotella	0.0	0.0	0.0	25.0	0.0	0.0	0.0	0.0	0.0	0.0	0.0	0.0	0.0	0.0	0.0	0.0	0.0	0.0	0.0	0.0	0.0	0.0	0.0	0.0	0.0	0.0	0.0	14.0	0.0	0.0	45.0	0.0	0.0	0.0	0.0	0.0	0.0	0.0	0.0	0.0	0.0	0.0	0.0	0.0	0.0	0.0	0.0	0.0	0.0	0.0	0.0	0.0	0.0	0.0	0.0	0.0	0.0	0.0	0.0	0.0	0.0	0.0	0.0	0.0	0.0	3.0	0.0	0.0	0.0	0.0	0.0	7.0	0.0	0.0	0.0	0.0	8.0	6.0	0.0	0.0	7.0	0.0	0.0	0.0	0.0	0.0	0.0	0.0	1486.0	180.0	0.0	0.0	0.0	6.0	0.0	55.0	91.0	0.0	0.0	598.0	192.0	0.0	267.0	0.0	0.0	0.0	0.0	0.0	0.0	0.0	0.0	0.0	0.0	0.0	0.0	722.0	751.0	0.0	0.0	20.0	974.0	0.0	599.0	0.0	0.0	0.0	863.0	0.0	429.0	0.0	0.0	0.0	3306.0	0.0	0.0	0.0	0.0	0.0	6.0	77.0	0.0	0.0	0.0	0.0	223.0	0.0	0.0	0.0	0.0	0.0	0.0	0.0	0.0	0.0	0.0	0.0	0.0	0.0	0.0	0.0	13.0	0.0	0.0	0.0	0.0	0.0	0.0	0.0	0.0	0.0	0.0	0.0	807.0	0.0	0.0	1912.0	301.0	0.0	0.0	0.0	9.0	0.0	0.0	0.0	0.0	0.0	0.0	559.0	4.0	0.0	6.0	0.0	0.0	0.0	0.0	0.0	8.0	0.0	0.0	0.0	0.0	17.0	0.0	286.0	178.0	0.0	0.0	0.0	0.0	0.0	0.0	729.0	7.0	65.0	0.0	0.0	272.0	0.0	144.0	0.0	0.0	0.0	0.0	0.0	0.0	0.0	0.0	10.0	0.0	139.0	28.0	0.0	0.0	0.0	0.0	0.0	58.0	0.0	0.0	0.0	6.0	0.0	0.0	110.0	342.0	0.0	0.0	0.0	0.0	0.0	0.0	0.0	0.0	0.0	0.0
Campylobacter	0.0	0.0	0.0	0.0	0.0	0.0	68.0	5.0	0.0	0.0	0.0	0.0	0.0	116.0	0.0	0.0	0.0	0.0	0.0	0.0	0.0	0.0	0.0	0.0	0.0	0.0	0.0	0.0	0.0	0.0	0.0	0.0	0.0	0.0	0.0	0.0	0.0	0.0	0.0	0.0	0.0	0.0	0.0	0.0	0.0	0.0	6.0	0.0	0.0	0.0	0.0	0.0	0.0	0.0	0.0	0.0	0.0	0.0	0.0	0.0	0.0	0.0	0.0	0.0	0.0	0.0	7.0	0.0	0.0	0.0	5.0	0.0	0.0	3.0	0.0	0.0	0.0	0.0	0.0	0.0	10.0	0.0	0.0	0.0	8.0	3.0	0.0	0.0	312.0	0.0	0.0	0.0	0.0	0.0	0.0	0.0	0.0	0.0	0.0	108.0	57.0	0.0	0.0	0.0	9.0	0.0	0.0	0.0	4.0	0.0	0.0	2.0	0.0	0.0	0.0	60.0	132.0	0.0	15.0	65.0	0.0	0.0	0.0	0.0	0.0	0.0	0.0	0.0	0.0	0.0	0.0	6.0	0.0	0.0	0.0	0.0	0.0	7.0	0.0	0.0	0.0	0.0	0.0	0.0	100.0	0.0	0.0	0.0	0.0	0.0	0.0	0.0	0.0	0.0	0.0	0.0	0.0	0.0	0.0	0.0	0.0	0.0	0.0	0.0	0.0	5.0	0.0	0.0	0.0	0.0	0.0	0.0	3109.0	0.0	0.0	608.0	66.0	0.0	0.0	0.0	0.0	0.0	0.0	12.0	0.0	0.0	0.0	22.0	23.0	0.0	0.0	0.0	0.0	0.0	25.0	9721.0	2.0	0.0	0.0	0.0	0.0	0.0	0.0	0.0	0.0	0.0	0.0	0.0	0.0	0.0	0.0	0.0	0.0	0.0	0.0	0.0	0.0	0.0	0.0	0.0	0.0	0.0	0.0	0.0	0.0	0.0	0.0	0.0	0.0	23.0	4.0	0.0	0.0	0.0	0.0	0.0	0.0	0.0	0.0	0.0	0.0	0.0	0.0	0.0	8.0	0.0	0.0	0.0	0.0	0.0	0.0	0.0	0.0	0.0	0.0
Dolosigranulum	359.0	62.0	2028.0	106.0	0.0	1372.0	29.0	130.0	23.0	17.0	510.0	0.0	981.0	217.0	8423.0	3151.0	0.0	5.0	397.0	3723.0	395.0	1622.0	765.0	188.0	2633.0	343.0	135.0	12252.0	8367.0	1469.0	4779.0	3800.0	3500.0	4866.0	500.0	863.0	2948.0	1597.0	291.0	0.0	1097.0	2622.0	0.0	0.0	0.0	0.0	592.0	105.0	382.0	2410.0	177.0	4108.0	0.0	255.0	0.0	0.0	81.0	67.0	30.0	352.0	19.0	61.0	365.0	0.0	0.0	0.0	429.0	3489.0	1346.0	47.0	0.0	129.0	388.0	2210.0	6947.0	73.0	3743.0	18.0	1723.0	12.0	0.0	729.0	1944.0	637.0	1874.0	345.0	1933.0	839.0	0.0	498.0	2072.0	161.0	568.0	1329.0	112.0	181.0	44.0	1471.0	2262.0	376.0	0.0	372.0	78.0	49.0	1771.0	0.0	407.0	86.0	17.0	0.0	0.0	29.0	0.0	1062.0	80.0	0.0	0.0	46.0	0.0	0.0	0.0	0.0	0.0	578.0	219.0	1709.0	0.0	19.0	0.0	1075.0	2284.0	2332.0	34.0	2758.0	1395.0	17.0	70.0	1615.0	0.0	20.0	825.0	496.0	756.0	1136.0	4090.0	2456.0	65.0	2664.0	1253.0	618.0	74.0	0.0	430.0	201.0	2982.0	1194.0	26.0	0.0	492.0	0.0	0.0	174.0	2954.0	237.0	560.0	60.0	76.0	0.0	248.0	534.0	239.0	2764.0	488.0	0.0	967.0	0.0	0.0	747.0	2853.0	1153.0	2173.0	352.0	121.0	5995.0	1376.0	0.0	137.0	31.0	191.0	480.0	23.0	257.0	0.0	0.0	0.0	473.0	0.0	40.0	0.0	48.0	115.0	293.0	256.0	22.0	10.0	282.0	440.0	747.0	0.0	3471.0	23.0	463.0	9966.0	617.0	0.0	0.0	215.0	0.0	45.0	0.0	231.0	37.0	946.0	385.0	48.0	244.0	0.0	4696.0	5874.0	4198.0	1046.0	597.0	0.0	17.0	11224.0	0.0	0.0	1684.0	324.0	1285.0	16.0	866.0	341.0	319.0	44.0	2849.0	37.0	323.0	88.0	3053.0	3181.0	76.0	370.0	1712.0	3133.0
Streptococcus	4647.0	5085.0	41.0	81.0	0.0	0.0	18.0	0.0	76.0	768.0	165.0	20.0	0.0	0.0	34.0	0.0	22.0	0.0	0.0	3064.0	59.0	325.0	179.0	0.0	99.0	24.0	1597.0	286.0	0.0	0.0	1875.0	107.0	740.0	279.0	87.0	22.0	8029.0	463.0	26.0	55.0	192.0	28.0	2162.0	732.0	111.0	28.0	220.0	161.0	0.0	171.0	249.0	24.0	837.0	1438.0	228.0	519.0	1569.0	1469.0	253.0	0.0	974.0	387.0	33.0	1300.0	0.0	69.0	11.0	0.0	0.0	60.0	433.0	806.0	0.0	128.0	10.0	118.0	1784.0	0.0	178.0	2268.0	484.0	1313.0	178.0	146.0	158.0	0.0	0.0	1140.0	642.0	2312.0	1448.0	259.0	1930.0	208.0	28.0	115.0	0.0	0.0	1445.0	102.0	20.0	27.0	2154.0	144.0	2493.0	311.0	1946.0	227.0	2681.0	0.0	15.0	3898.0	2487.0	6688.0	25.0	489.0	3613.0	1542.0	407.0	267.0	1968.0	12721.0	4626.0	15.0	70.0	12.0	54.0	674.0	718.0	0.0	631.0	8.0	485.0	532.0	506.0	3419.0	628.0	737.0	1749.0	787.0	257.0	334.0	63.0	14.0	200.0	6.0	0.0	0.0	84.0	916.0	2854.0	482.0	95.0	3082.0	707.0	4169.0	8867.0	979.0	5898.0	3593.0	439.0	255.0	0.0	88.0	586.0	703.0	7.0	1249.0	276.0	47.0	0.0	0.0	171.0	13.0	0.0	114.0	617.0	1913.0	16.0	13.0	1479.0	296.0	1441.0	753.0	100.0	26.0	867.0	230.0	618.0	4161.0	27.0	778.0	79.0	1173.0	2442.0	383.0	209.0	564.0	3414.0	355.0	1391.0	2935.0	2821.0	883.0	527.0	1032.0	26.0	1189.0	29.0	53.0	269.0	141.0	3654.0	292.0	30.0	100.0	2363.0	545.0	87.0	2908.0	678.0	38.0	114.0	1026.0	5245.0	1787.0	90.0	6654.0	1588.0	140.0	1896.0	911.0	346.0	1009.0	671.0	24.0	802.0	1138.0	10.0	0.0	18.0	724.0	479.0	3617.0	66.0	31.0	431.0	483.0	139.0	5.0	452.0	928.0	935.0	488.0	2193.0
Gemella	0.0	0.0	0.0	0.0	0.0	0.0	0.0	40.0	0.0	18.0	0.0	0.0	0.0	0.0	0.0	0.0	0.0	0.0	0.0	118.0	0.0	0.0	0.0	0.0	0.0	0.0	0.0	15.0	0.0	0.0	0.0	0.0	0.0	0.0	0.0	0.0	0.0	0.0	0.0	0.0	0.0	0.0	0.0	0.0	0.0	0.0	0.0	0.0	0.0	0.0	0.0	0.0	0.0	0.0	0.0	0.0	0.0	0.0	0.0	0.0	0.0	0.0	0.0	0.0	0.0	0.0	0.0	0.0	0.0	0.0	0.0	0.0	0.0	0.0	0.0	0.0	17.0	0.0	0.0	0.0	0.0	0.0	0.0	0.0	0.0	0.0	0.0	0.0	163.0	91.0	0.0	0.0	0.0	0.0	0.0	11.0	0.0	0.0	8.0	28.0	60.0	0.0	12.0	0.0	0.0	0.0	0.0	0.0	0.0	0.0	0.0	0.0	0.0	0.0	0.0	125.0	171.0	0.0	126.0	35.0	444.0	0.0	106.0	0.0	0.0	0.0	0.0	0.0	0.0	7.0	0.0	0.0	0.0	0.0	0.0	352.0	298.0	0.0	13.0	0.0	0.0	0.0	0.0	0.0	22.0	0.0	0.0	0.0	0.0	0.0	0.0	0.0	0.0	0.0	0.0	0.0	7.0	0.0	0.0	46.0	12.0	0.0	0.0	0.0	0.0	47.0	0.0	0.0	0.0	0.0	0.0	0.0	80.0	0.0	0.0	32.0	99.0	687.0	0.0	0.0	12.0	0.0	0.0	82.0	0.0	0.0	0.0	86.0	16.0	0.0	0.0	0.0	0.0	0.0	0.0	141.0	50.0	0.0	0.0	0.0	0.0	0.0	0.0	347.0	107.0	0.0	0.0	203.0	0.0	0.0	87.0	15.0	0.0	79.0	0.0	115.0	96.0	0.0	0.0	0.0	0.0	0.0	84.0	0.0	0.0	20.0	0.0	18.0	0.0	24.0	137.0	0.0	0.0	0.0	0.0	0.0	0.0	0.0	0.0	0.0	0.0	0.0	0.0	1766.0	150.0	0.0	21.0	0.0	0.0	0.0	0.0	0.0	0.0	5.0	0.0
Staphylococcus	11.0	10.0	0.0	0.0	0.0	0.0	0.0	9405.0	2384.0	0.0	0.0	0.0	1590.0	147.0	0.0	0.0	22.0	0.0	15.0	0.0	0.0	0.0	0.0	0.0	0.0	0.0	6.0	34.0	0.0	0.0	69.0	11.0	0.0	0.0	0.0	8.0	0.0	0.0	0.0	4197.0	15.0	19.0	0.0	0.0	204.0	19616.0	0.0	0.0	0.0	16.0	0.0	0.0	0.0	0.0	100.0	408.0	152.0	0.0	0.0	0.0	0.0	0.0	19.0	7547.0	609.0	2804.0	11077.0	1255.0	0.0	0.0	0.0	0.0	539.0	3.0	0.0	0.0	0.0	0.0	0.0	0.0	28.0	0.0	0.0	0.0	0.0	0.0	0.0	0.0	0.0	0.0	0.0	95.0	4.0	1289.0	11.0	0.0	0.0	0.0	0.0	0.0	0.0	0.0	0.0	0.0	0.0	0.0	231.0	0.0	46.0	0.0	0.0	0.0	0.0	0.0	6937.0	218.0	0.0	34.0	0.0	0.0	1439.0	0.0	56.0	0.0	0.0	0.0	0.0	0.0	0.0	7563.0	0.0	0.0	185.0	736.0	0.0	0.0	0.0	0.0	0.0	0.0	0.0	0.0	0.0	0.0	0.0	0.0	0.0	0.0	0.0	0.0	0.0	52.0	22.0	0.0	0.0	14.0	0.0	0.0	0.0	28.0	48.0	0.0	21.0	56.0	0.0	0.0	0.0	0.0	0.0	0.0	0.0	0.0	26.0	0.0	27.0	125.0	78.0	100.0	0.0	0.0	35.0	59.0	0.0	61.0	0.0	0.0	0.0	0.0	0.0	0.0	0.0	0.0	0.0	78.0	0.0	729.0	462.0	3209.0	28.0	0.0	0.0	0.0	0.0	0.0	24.0	0.0	0.0	53.0	32.0	21.0	1697.0	0.0	66.0	0.0	36.0	17.0	27.0	0.0	0.0	0.0	0.0	0.0	0.0	0.0	38.0	0.0	974.0	0.0	19.0	0.0	22.0	0.0	0.0	0.0	0.0	0.0	0.0	0.0	0.0	73.0	7199.0	0.0	2777.0	0.0	0.0	0.0	0.0	0.0	0.0	15.0	0.0	0.0	0.0	0.0	0.0
ASV_35	0.0	0.0	0.0	515.0	0.0	0.0	50.0	59.0	0.0	25.0	0.0	0.0	0.0	0.0	0.0	0.0	0.0	0.0	0.0	0.0	0.0	0.0	0.0	0.0	0.0	0.0	0.0	0.0	0.0	0.0	0.0	0.0	0.0	0.0	0.0	0.0	0.0	0.0	0.0	0.0	0.0	0.0	0.0	0.0	0.0	0.0	0.0	0.0	0.0	0.0	0.0	0.0	0.0	0.0	0.0	0.0	0.0	0.0	0.0	0.0	0.0	0.0	0.0	0.0	0.0	0.0	0.0	0.0	0.0	52.0	0.0	0.0	0.0	0.0	0.0	0.0	0.0	0.0	0.0	0.0	0.0	0.0	0.0	0.0	0.0	0.0	0.0	0.0	0.0	0.0	0.0	0.0	0.0	0.0	0.0	22.0	0.0	0.0	0.0	270.0	403.0	0.0	86.0	144.0	0.0	0.0	0.0	0.0	0.0	0.0	0.0	0.0	0.0	0.0	0.0	1542.0	171.0	0.0	791.0	0.0	327.0	0.0	0.0	12.0	0.0	0.0	309.0	0.0	0.0	0.0	0.0	0.0	0.0	0.0	0.0	0.0	0.0	0.0	74.0	28.0	0.0	0.0	0.0	132.0	268.0	33.0	0.0	0.0	21.0	0.0	0.0	0.0	0.0	0.0	0.0	0.0	0.0	0.0	0.0	26.0	11.0	16.0	0.0	0.0	0.0	481.0	0.0	0.0	0.0	0.0	0.0	0.0	1080.0	0.0	0.0	733.0	72.0	0.0	0.0	0.0	23.0	0.0	38.0	0.0	0.0	0.0	0.0	178.0	133.0	0.0	0.0	0.0	0.0	0.0	150.0	2224.0	0.0	0.0	0.0	0.0	0.0	22.0	15.0	769.0	171.0	0.0	0.0	72.0	0.0	0.0	0.0	0.0	0.0	667.0	0.0	2101.0	0.0	0.0	454.0	0.0	0.0	43.0	233.0	0.0	0.0	20.0	0.0	0.0	35.0	16.0	85.0	4.0	0.0	0.0	0.0	0.0	0.0	0.0	0.0	0.0	11.0	69.0	0.0	237.0	179.0	0.0	174.0	0.0	0.0	0.0	0.0	0.0	0.0	9.0	0.0
Veillonella	757.0	0.0	0.0	0.0	0.0	0.0	0.0	0.0	0.0	0.0	0.0	0.0	0.0	0.0	0.0	0.0	0.0	0.0	0.0	0.0	0.0	0.0	0.0	0.0	0.0	0.0	0.0	36.0	0.0	0.0	0.0	0.0	0.0	0.0	0.0	0.0	0.0	0.0	0.0	0.0	9.0	0.0	0.0	0.0	0.0	0.0	0.0	0.0	0.0	0.0	0.0	0.0	0.0	0.0	0.0	0.0	0.0	0.0	0.0	0.0	0.0	0.0	0.0	0.0	0.0	0.0	0.0	0.0	0.0	0.0	0.0	0.0	0.0	9.0	0.0	0.0	0.0	0.0	0.0	0.0	0.0	0.0	0.0	0.0	0.0	0.0	0.0	0.0	0.0	0.0	0.0	0.0	0.0	0.0	0.0	44.0	10.0	0.0	0.0	28.0	63.0	0.0	0.0	0.0	0.0	0.0	0.0	0.0	14.0	0.0	0.0	0.0	0.0	0.0	0.0	81.0	0.0	0.0	32.0	14.0	139.0	0.0	156.0	0.0	0.0	0.0	0.0	0.0	0.0	0.0	0.0	0.0	0.0	0.0	0.0	6.0	0.0	0.0	0.0	0.0	0.0	0.0	0.0	0.0	0.0	0.0	0.0	0.0	0.0	0.0	0.0	0.0	0.0	0.0	0.0	0.0	0.0	0.0	0.0	12.0	0.0	0.0	0.0	0.0	0.0	0.0	0.0	0.0	0.0	0.0	0.0	0.0	0.0	0.0	0.0	0.0	5.0	97.0	0.0	0.0	0.0	0.0	0.0	7.0	9.0	0.0	0.0	87.0	5.0	0.0	0.0	0.0	0.0	26.0	17.0	0.0	0.0	0.0	3.0	0.0	0.0	0.0	0.0	0.0	194.0	0.0	0.0	0.0	0.0	0.0	69.0	0.0	0.0	4.0	0.0	8.0	10.0	0.0	0.0	0.0	0.0	0.0	50.0	0.0	0.0	0.0	0.0	37.0	0.0	0.0	88.0	0.0	0.0	0.0	0.0	0.0	0.0	0.0	0.0	0.0	0.0	0.0	0.0	47.0	26.0	0.0	0.0	0.0	0.0	0.0	0.0	0.0	0.0	0.0	0.0
Fusobacterium	0.0	0.0	0.0	0.0	0.0	0.0	0.0	28.0	0.0	0.0	0.0	0.0	0.0	0.0	0.0	7.0	0.0	0.0	0.0	0.0	0.0	0.0	0.0	0.0	0.0	0.0	0.0	0.0	0.0	0.0	114.0	0.0	0.0	0.0	0.0	0.0	0.0	0.0	0.0	0.0	0.0	0.0	0.0	0.0	0.0	0.0	0.0	1926.0	0.0	0.0	0.0	0.0	0.0	0.0	0.0	0.0	0.0	0.0	0.0	0.0	0.0	0.0	0.0	0.0	0.0	0.0	0.0	0.0	0.0	16.0	0.0	0.0	0.0	3.0	0.0	0.0	0.0	0.0	0.0	0.0	0.0	0.0	0.0	0.0	0.0	0.0	0.0	0.0	12580.0	1836.0	0.0	0.0	0.0	0.0	0.0	27.0	0.0	0.0	0.0	2608.0	6832.0	0.0	307.0	89.0	0.0	0.0	0.0	0.0	0.0	0.0	0.0	0.0	0.0	0.0	0.0	8254.0	4095.0	35.0	0.0	1461.0	1606.0	0.0	0.0	18.0	0.0	0.0	1981.0	0.0	15.0	0.0	0.0	0.0	0.0	0.0	0.0	39.0	0.0	0.0	0.0	0.0	0.0	0.0	0.0	0.0	631.0	18.0	0.0	0.0	14.0	0.0	0.0	0.0	0.0	0.0	0.0	0.0	0.0	0.0	0.0	34.0	0.0	0.0	0.0	0.0	0.0	6255.0	27.0	23.0	0.0	0.0	0.0	0.0	811.0	0.0	0.0	9062.0	3875.0	0.0	0.0	0.0	106.0	0.0	140.0	0.0	0.0	0.0	0.0	3234.0	0.0	0.0	0.0	0.0	0.0	0.0	0.0	0.0	8.0	0.0	10.0	0.0	0.0	0.0	0.0	0.0	15.0	0.0	0.0	281.0	0.0	0.0	549.0	3002.0	0.0	4446.0	0.0	3680.0	2368.0	0.0	149.0	197.0	27.0	0.0	47.0	0.0	0.0	113.0	0.0	0.0	0.0	563.0	601.0	0.0	0.0	0.0	0.0	0.0	1293.0	0.0	0.0	0.0	0.0	0.0	0.0	757.0	387.0	0.0	18.0	0.0	0.0	0.0	0.0	0.0	0.0	0.0	0.0
Streptobacillus	0.0	0.0	0.0	0.0	0.0	0.0	2.0	0.0	0.0	0.0	0.0	0.0	0.0	0.0	0.0	0.0	0.0	0.0	0.0	0.0	0.0	0.0	0.0	0.0	0.0	0.0	0.0	0.0	0.0	0.0	0.0	0.0	0.0	0.0	0.0	0.0	0.0	0.0	0.0	0.0	0.0	0.0	0.0	0.0	0.0	0.0	0.0	0.0	0.0	0.0	0.0	0.0	0.0	0.0	0.0	0.0	0.0	0.0	0.0	0.0	0.0	0.0	0.0	0.0	0.0	0.0	0.0	0.0	0.0	0.0	0.0	0.0	0.0	0.0	0.0	0.0	0.0	0.0	0.0	0.0	0.0	0.0	0.0	0.0	0.0	0.0	0.0	0.0	47.0	15.0	0.0	0.0	0.0	0.0	0.0	223.0	0.0	0.0	0.0	449.0	18.0	12.0	217.0	27.0	0.0	0.0	0.0	0.0	0.0	0.0	0.0	0.0	0.0	0.0	0.0	1921.0	133.0	13.0	279.0	454.0	587.0	0.0	0.0	6.0	0.0	0.0	150.0	0.0	0.0	0.0	0.0	0.0	0.0	0.0	0.0	102.0	13.0	0.0	38.0	103.0	0.0	0.0	0.0	0.0	113.0	8.0	0.0	0.0	0.0	0.0	4.0	0.0	0.0	0.0	0.0	0.0	0.0	0.0	0.0	41.0	29.0	0.0	0.0	0.0	0.0	17.0	0.0	0.0	0.0	0.0	0.0	13.0	1423.0	0.0	0.0	108.0	141.0	307.0	0.0	0.0	6.0	0.0	30.0	3811.0	0.0	0.0	7.0	489.0	0.0	0.0	0.0	0.0	0.0	0.0	140.0	1810.0	0.0	0.0	0.0	0.0	0.0	0.0	0.0	0.0	3451.0	0.0	0.0	2262.0	0.0	25.0	902.0	17.0	0.0	301.0	0.0	0.0	0.0	2318.0	37.0	0.0	0.0	0.0	375.0	0.0	0.0	36.0	0.0	0.0	0.0	0.0	31.0	0.0	0.0	0.0	0.0	0.0	0.0	0.0	0.0	0.0	0.0	0.0	0.0	2285.0	118.0	0.0	30.0	0.0	0.0	0.0	0.0	0.0	0.0	151.0	0.0
ASV_22	325.0	0.0	107.0	20.0	19.0	126.0	0.0	0.0	10.0	0.0	0.0	0.0	134.0	0.0	26.0	267.0	349.0	46.0	27.0	0.0	0.0	29.0	11.0	12.0	0.0	17.0	13.0	0.0	0.0	0.0	0.0	0.0	0.0	598.0	264.0	348.0	26.0	255.0	75.0	7.0	0.0	0.0	1138.0	20.0	0.0	0.0	0.0	0.0	0.0	0.0	0.0	70.0	0.0	37.0	0.0	0.0	0.0	58.0	0.0	56.0	0.0	0.0	0.0	13.0	7.0	0.0	888.0	453.0	0.0	56.0	582.0	41.0	332.0	73.0	917.0	0.0	37.0	25.0	456.0	11.0	20.0	0.0	15.0	20.0	0.0	7.0	28.0	1220.0	18.0	8.0	172.0	176.0	61.0	18.0	0.0	0.0	0.0	0.0	15.0	318.0	0.0	294.0	19.0	0.0	0.0	0.0	44.0	16.0	0.0	184.0	106.0	0.0	0.0	0.0	83.0	0.0	0.0	0.0	0.0	0.0	0.0	0.0	0.0	116.0	0.0	0.0	0.0	0.0	0.0	0.0	14.0	90.0	0.0	142.0	292.0	0.0	0.0	116.0	0.0	0.0	0.0	75.0	87.0	29.0	49.0	0.0	16.0	572.0	196.0	259.0	0.0	0.0	0.0	31.0	215.0	44.0	88.0	16.0	0.0	25.0	491.0	19.0	15.0	19.0	0.0	0.0	0.0	0.0	0.0	0.0	0.0	217.0	0.0	0.0	364.0	0.0	0.0	60.0	508.0	43.0	413.0	86.0	30.0	0.0	0.0	0.0	56.0	0.0	0.0	0.0	0.0	0.0	0.0	1248.0	4927.0	123.0	177.0	22.0	0.0	31.0	0.0	100.0	31.0	0.0	0.0	118.0	31.0	0.0	0.0	0.0	37.0	0.0	19.0	166.0	510.0	926.0	0.0	0.0	0.0	11.0	116.0	0.0	72.0	5.0	0.0	0.0	0.0	5.0	0.0	0.0	3.0	0.0	0.0	0.0	0.0	0.0	0.0	45.0	14.0	0.0	214.0	243.0	243.0	0.0	0.0	0.0	0.0	0.0	0.0	278.0	1450.0	23.0	0.0	0.0	56.0
Neisseria	0.0	0.0	0.0	46.0	0.0	0.0	0.0	58.0	0.0	31.0	3.0	0.0	0.0	0.0	0.0	0.0	0.0	0.0	1119.0	0.0	0.0	7.0	0.0	0.0	0.0	0.0	0.0	0.0	0.0	9.0	0.0	0.0	0.0	0.0	0.0	0.0	0.0	0.0	0.0	0.0	799.0	0.0	0.0	0.0	0.0	0.0	0.0	0.0	0.0	0.0	73.0	0.0	0.0	0.0	0.0	0.0	0.0	0.0	0.0	0.0	0.0	0.0	0.0	0.0	0.0	0.0	0.0	0.0	0.0	0.0	0.0	0.0	0.0	28.0	0.0	0.0	21.0	0.0	28.0	0.0	0.0	0.0	0.0	0.0	0.0	0.0	0.0	0.0	0.0	0.0	0.0	0.0	0.0	0.0	0.0	17.0	0.0	0.0	18.0	0.0	0.0	11.0	528.0	156.0	0.0	19.0	0.0	0.0	22.0	16.0	0.0	0.0	0.0	0.0	0.0	420.0	1346.0	0.0	0.0	219.0	0.0	0.0	0.0	27.0	0.0	0.0	22.0	131.0	8.0	0.0	0.0	0.0	0.0	0.0	0.0	728.0	6428.0	41.0	1580.0	3266.0	17.0	0.0	0.0	134.0	0.0	0.0	0.0	0.0	713.0	0.0	25.0	0.0	0.0	0.0	0.0	0.0	0.0	0.0	0.0	51.0	3.0	0.0	0.0	0.0	0.0	5646.0	0.0	5.0	23.0	588.0	30.0	0.0	0.0	0.0	0.0	45.0	11.0	79.0	0.0	0.0	234.0	60.0	239.0	132.0	0.0	0.0	24.0	1093.0	235.0	0.0	0.0	0.0	5.0	0.0	68.0	71.0	29.0	0.0	0.0	0.0	0.0	596.0	84.0	188.0	926.0	0.0	0.0	75.0	0.0	0.0	500.0	0.0	0.0	1463.0	0.0	130.0	4271.0	1372.0	43.0	227.0	21.0	0.0	45.0	7.0	0.0	50.0	0.0	0.0	0.0	0.0	0.0	0.0	0.0	0.0	0.0	2.0	0.0	7.0	0.0	0.0	0.0	68.0	0.0	0.0	25293.0	0.0	13308.0	0.0	0.0	0.0	0.0	0.0	0.0	243.0	0.0
Haemophilus	0.0	357.0	0.0	13618.0	7960.0	461.0	6865.0	441.0	4493.0	7648.0	7644.0	20929.0	0.0	0.0	0.0	3943.0	997.0	0.0	3787.0	553.0	0.0	463.0	947.0	87.0	0.0	0.0	945.0	0.0	0.0	0.0	29.0	36.0	0.0	0.0	0.0	366.0	0.0	0.0	0.0	216.0	0.0	0.0	0.0	0.0	0.0	0.0	8293.0	5412.0	1488.0	984.0	1148.0	0.0	17409.0	10965.0	150.0	11366.0	8626.0	0.0	23752.0	4330.0	5621.0	5060.0	30.0	10536.0	16520.0	3124.0	0.0	0.0	337.0	3620.0	627.0	350.0	0.0	11205.0	443.0	7398.0	34.0	9846.0	96.0	9408.0	496.0	7987.0	1999.0	900.0	7494.0	13109.0	3300.0	2413.0	690.0	14049.0	0.0	0.0	3597.0	14899.0	14280.0	9917.0	12464.0	1639.0	142.0	890.0	3886.0	3624.0	13038.0	13681.0	3740.0	20287.0	4406.0	11599.0	6101.0	16183.0	0.0	17571.0	6564.0	36.0	0.0	567.0	2872.0	13933.0	1645.0	5020.0	230.0	0.0	0.0	307.0	3772.0	22.0	968.0	16.0	83.0	0.0	0.0	0.0	14728.0	217.0	66.0	3271.0	1861.0	14775.0	5769.0	42.0	88.0	48.0	0.0	9396.0	0.0	9470.0	689.0	0.0	1265.0	4613.0	459.0	0.0	19275.0	16549.0	627.0	11519.0	48.0	91.0	17.0	0.0	0.0	13723.0	121.0	68.0	4421.0	760.0	45.0	12146.0	9891.0	194.0	15493.0	0.0	31.0	13741.0	14.0	100.0	42.0	10088.0	3834.0	15077.0	105.0	2799.0	2813.0	7.0	672.0	1815.0	24703.0	7468.0	15663.0	8138.0	14303.0	14492.0	13037.0	949.0	1975.0	2755.0	51.0	0.0	4427.0	11986.0	8292.0	93.0	240.0	450.0	2741.0	48.0	865.0	841.0	9875.0	579.0	461.0	7032.0	0.0	3346.0	0.0	1660.0	1140.0	4479.0	10429.0	12723.0	17887.0	19843.0	8391.0	7710.0	6501.0	134.0	22.0	119.0	0.0	70.0	149.0	8969.0	22166.0	12734.0	0.0	17880.0	3414.0	5148.0	22770.0	194.0	898.0	803.0	36.0	1559.0	375.0	13.0	4236.0	7986.0	10766.0	4338.0	346.0	24881.0	23926.0	7154.0	7051.0
Acinetobacter	0.0	0.0	0.0	0.0	4.0	0.0	0.0	0.0	21.0	0.0	0.0	0.0	0.0	0.0	0.0	0.0	0.0	0.0	0.0	0.0	0.0	0.0	0.0	0.0	0.0	0.0	0.0	0.0	0.0	0.0	12.0	0.0	0.0	0.0	0.0	0.0	0.0	0.0	0.0	0.0	64.0	0.0	21.0	0.0	0.0	97.0	0.0	0.0	0.0	0.0	0.0	0.0	0.0	0.0	0.0	0.0	18.0	0.0	0.0	0.0	0.0	0.0	21.0	0.0	0.0	0.0	0.0	0.0	0.0	0.0	0.0	0.0	0.0	0.0	0.0	0.0	0.0	0.0	0.0	0.0	0.0	0.0	0.0	0.0	10.0	0.0	56.0	0.0	0.0	0.0	0.0	0.0	0.0	0.0	0.0	0.0	0.0	0.0	0.0	0.0	0.0	0.0	0.0	0.0	0.0	0.0	0.0	0.0	0.0	0.0	0.0	0.0	0.0	0.0	0.0	0.0	0.0	9.0	0.0	0.0	0.0	314.0	13.0	0.0	0.0	0.0	0.0	0.0	0.0	0.0	0.0	0.0	0.0	0.0	0.0	0.0	0.0	0.0	0.0	0.0	0.0	0.0	0.0	0.0	0.0	0.0	0.0	0.0	0.0	0.0	0.0	0.0	0.0	0.0	0.0	0.0	0.0	159.0	15.0	0.0	0.0	0.0	0.0	0.0	0.0	0.0	0.0	0.0	0.0	0.0	0.0	0.0	0.0	0.0	0.0	0.0	0.0	0.0	159.0	0.0	0.0	0.0	0.0	5.0	0.0	0.0	0.0	0.0	0.0	0.0	0.0	0.0	0.0	16.0	20.0	0.0	31.0	10.0	0.0	0.0	0.0	0.0	0.0	0.0	0.0	20.0	0.0	0.0	0.0	18.0	0.0	0.0	7.0	0.0	0.0	22.0	0.0	0.0	0.0	0.0	0.0	0.0	0.0	0.0	20.0	0.0	0.0	14.0	0.0	0.0	0.0	0.0	0.0	0.0	0.0	0.0	0.0	0.0	0.0	0.0	0.0	0.0	0.0	0.0	0.0	0.0	0.0	0.0	0.0	0.0	0.0	0.0	0.0	0.0	0.0
Moraxella	17332.0	6343.0	20770.0	2585.0	0.0	18160.0	16550.0	7803.0	11831.0	16334.0	21541.0	4968.0	1695.0	36325.0	2913.0	18345.0	18808.0	41837.0	0.0	5708.0	23942.0	29047.0	28446.0	28133.0	14849.0	29910.0	21375.0	0.0	16.0	29939.0	14446.0	34306.0	29995.0	8263.0	17709.0	22245.0	668.0	24982.0	23794.0	19733.0	12294.0	30850.0	11842.0	7748.0	19723.0	16.0	15345.0	9081.0	16687.0	15414.0	15252.0	6144.0	158.0	4418.0	28752.0	2115.0	1373.0	26048.0	853.0	21983.0	24604.0	16358.0	36602.0	563.0	1391.0	5318.0	3665.0	9326.0	19671.0	15803.0	18033.0	20180.0	25686.0	2765.0	10542.0	5490.0	5851.0	12657.0	15942.0	5838.0	37186.0	8548.0	18585.0	22081.0	8357.0	174.0	13958.0	908.0	105.0	1520.0	8168.0	17715.0	5965.0	803.0	5129.0	15570.0	4315.0	20791.0	22162.0	16799.0	5426.0	18034.0	1566.0	998.0	16388.0	1550.0	11984.0	6613.0	8059.0	3507.0	15905.0	25964.0	7142.0	6772.0	1448.0	85.0	1222.0	949.0	14421.0	8370.0	9.0	15.0	13.0	24061.0	16788.0	18871.0	5620.0	24440.0	10811.0	126.0	6455.0	23754.0	93.0	8609.0	16106.0	1824.0	3252.0	7462.0	14766.0	29861.0	29936.0	14413.0	0.0	14.0	11749.0	8759.0	18907.0	12767.0	15389.0	13742.0	21583.0	29037.0	2905.0	742.0	27837.0	3727.0	24563.0	21411.0	20412.0	36959.0	39069.0	18020.0	14077.0	36821.0	12063.0	8392.0	33026.0	950.0	10463.0	36136.0	8197.0	26470.0	3596.0	12996.0	19072.0	4823.0	9529.0	97.0	10288.0	9840.0	8291.0	16156.0	13011.0	7.0	17830.0	15035.0	1808.0	8152.0	4069.0	12306.0	4996.0	4655.0	14040.0	10532.0	49.0	182.0	6437.0	19480.0	21918.0	17481.0	21619.0	16271.0	13434.0	23040.0	15781.0	16275.0	25474.0	4124.0	12901.0	5868.0	12946.0	3181.0	476.0	155.0	17614.0	168.0	2076.0	9307.0	4900.0	237.0	7896.0	4181.0	957.0	10391.0	4417.0	24134.0	21959.0	232.0	76.0	40.0	28353.0	13836.0	1384.0	8474.0	979.0	1432.0	8961.0	5800.0	1872.0	20635.0	5811.0	21672.0	1758.0	5558.0	664.0	19220.0	547.0	19262.0	7958.0	5555.0	16567.0	2280.0	1546.0	17472.0	15519.0
