#OTU ID	NP.1100.15.yes.100466.1mnth.30days.R07.P1.A02	NP.1100.15.yes.100620.2mnth.58days.R07.P1.A03	NP.1100.15.yes.100828.3mnth.85days.R07.P1.A04	NP.1133.14.yes.100394.1mnth.26days.R07.P1.B07	NP.1133.14.yes.100654.2mnth.54days.R07.P1.C07	NP.1133.14.yes.100975.3mnth.96days.R07.P1.D07	NP.1143.13.yes.100443.1mnth.30days.R08.P2.E01	NP.1143.13.yes.100529.2mnth.57days.R08.P2.F01	NP.1143.13.yes.100743.3mnth.86days.R08.P2.G01	NP.1144.15.yes.100423.1mnth.31days.R07.P2.A02	NP.1144.15.yes.100498.2mnth.59days.R07.P2.A03	NP.1144.15.yes.100697.3mnth.87days.R07.P2.A04	NP.1173.14.yes.100738.1mnth.33days.R07.P1.A09	NP.1173.14.yes.100939.2mnth.61days.R07.P1.B09	NP.1173.14.yes.101217.3mnth.89days.R07.P1.C09	NP.1193.16.yes.100617.1mnth.29days.R07.P1.G02	NP.1193.16.yes.100846.2mnth.57days.R07.P1.G03	NP.1193.16.yes.101084.3mnth.85days.R07.P1.G04	NP.1209.13.yes.100797.1mnth.15days.R08.P4.B01	NP.1209.13.yes.101163.2mnth.57days.R08.P4.C01	NP.1209.13.yes.101429.3mnth.91days.R08.P4.D01	NP.1221.16.yes.100819.1mnth.29days.R07.P2.G02	NP.1221.16.yes.101059.2mnth.58days.R07.P2.G03	NP.1221.16.yes.101322A.3mnth.85days.R07.P2.G04	NP.1241.15.yes.101457.1mnth.31days.R07.P4.A02	NP.1241.15.yes.101809.2mnth.57days.R07.P4.A03	NP.1241.15.yes.102410.3mnth.85days.R07.P4.A04	NP.1265.16.yes.101310A.1mnth.28days.R07.P4.G02	NP.1265.16.yes.101701.2mnth.61days.R07.P4.G03	NP.1265.16.yes.102448.3mnth.98days.R07.P4.G04	NP.1268.14.yes.101719.1mnth.30days.R07.P2.B09	NP.1268.14.yes.102171.2mnth.58days.R07.P2.C09	NP.1268.14.yes.102802.3mnth.86days.R07.P2.D09	NP.1269.14.yes.101772.1mnth.28days.R07.P2.B11	NP.1269.14.yes.102238.2mnth.56days.R07.P2.C11	NP.1269.14.yes.103088.3mnth.97days.R07.P2.D11	NP.1276.15.yes.102179.1mnth.28days.R07.P4.D02	NP.1276.15.yes.102787.2mnth.56days.R07.P4.D03	NP.1276.15.yes.103393.3mnth.85days.R07.P4.D04	NP.1278.13.yes.102155.1mnth.28days.R08.P3.C07	NP.1278.13.yes.102813.2mnth.56days.R08.P3.D07	NP.1278.13.yes.103665.3mnth.98days.R08.P3.E07	NP.1295.14.yes.101481.1mnth.33days.R08.P1.B09	NP.1295.14.yes.101849.2mnth.60days.R08.P1.C09	NP.1295.14.yes.102282.3mnth.87days.R08.P1.D09	NP.1299.15.no.101865.1mnth.30days.R07.P3.B05	NP.1299.15.no.102673.2mnth.70days.R07.P3.C05	NP.1299.15.no.103217.3mnth.98days.R07.P3.D05	NP.1300.11.yes.101516.1mnth.30days.R08.P3.F09	NP.1300.11.yes.101940.2mnth.58days.R08.P3.F10	NP.1300.11.yes.102526.3mnth.86days.R08.P3.F11	NP.1305.16.yes.102575.1mnth.27days.R07.P3.B08	NP.1305.16.yes.103171.2mnth.55days.R07.P3.C08	NP.1305.16.yes.104062.3mnth.96days.R07.P3.D08	NP.1309.14.yes.102426.1mnth.28days.R08.P1.B07	NP.1309.14.yes.102969.2mnth.58days.R08.P1.C07	NP.1309.14.yes.103901.3mnth.98days.R08.P1.D07	NP.1316.16.yes.102024.1mnth.28days.R08.P1.G02	NP.1316.16.yes.102659.2mnth.56days.R08.P1.G03	NP.1316.16.yes.103525.3mnth.98days.R08.P1.G04	NP.1319.14.yes.101897.1mnth.27days.R08.P1.B11	NP.1319.14.yes.102457.2mnth.55days.R08.P1.C11	NP.1319.14.yes.103274.3mnth.97days.R08.P1.D11	NP.1324.16.yes.102918.1mnth.30days.R08.P2.B07	NP.1324.16.yes.505886.2mnth.57days.R08.P2.C07	NP.1324.16.yes.104212.3mnth.86days.R08.P2.D07	NP.1333.13.yes.102417.1mnth.28days.R08.P4.B04	NP.1333.13.yes.102909.2mnth.56days.R08.P4.C04	NP.1333.13.yes.103522.3mnth.84days.R08.P4.D04	NP.1343.15.yes.102027.1mnth.30days.R08.P2.A02	NP.1343.15.yes.102640.2mnth.57days.R08.P2.A03	NP.1343.15.yes.103585.3mnth.100days.R08.P2.A04	NP.1364.16.yes.103438.1mnth.27days.R08.P2.B09	NP.1364.16.yes.104100.2mnth.55days.R08.P2.C09	NP.1364.16.yes.105154.3mnth.96days.R08.P2.D09	NP.1395.16.yes.103622.1mnth.33days.R08.P4.B11	NP.1395.16.yes.104195.2mnth.58days.R08.P4.C11	NP.1395.16.yes.105008.3mnth.87days.R08.P4.D11	NP.1398.16.no.105087.1mnth.28days.R08.P2.B11	NP.1398.16.no.107094.2mnth.56days.R08.P2.C11	NP.1398.16.no.107961.3mnth.85days.R08.P2.D11	NP.1436.16.no.104657.1mnth.28days.R08.P4.B09	NP.1436.16.no.105346.2mnth.56days.R08.P4.C09	NP.1436.16.no.107765.3mnth.98days.R08.P4.D09	NP.1445.16.no.104919.1mnth.28days.R09.P4.B07	NP.1445.16.no.102390.2mnth.70days.R09.P4.C07	NP.1445.16.no.107922.3mnth.98days.R09.P4.D07	NP.1454.14.no.106796.1mnth.29days.R09.P1.F02	NP.1454.14.no.107776.2mnth.57days.R09.P1.F03	NP.1454.14.no.108719.3mnth.85days.R09.P1.F04	NP.1470.16.no.108013.1mnth.41days.R09.P1.B07	NP.1470.16.no.108483.2mnth.55days.R09.P1.C07	NP.1470.16.no.307893.3mnth.96days.R09.P1.D07	NP.1476.14.no.107857.1mnth.28days.R09.P2.B03	NP.1476.14.no.109251.2mnth.56days.R09.P2.C03	NP.1476.14.no.110125.3mnth.84days.R09.P2.D03	NP.1511.16.no.109391.1mnth.27days.R09.P1.B09	NP.1511.16.no.511663.2mnth.55days.R09.P1.C09	NP.1511.16.no.111412.3mnth.96days.R09.P1.D09	NP.1513.16.no.109219.1mnth.29days.R09.P1.B11	NP.1513.16.no.110481.2mnth.70days.R09.P1.C11	NP.1513.16.no.111024.3mnth.86days.R09.P1.D11	NP.1585.16.no.111704.1mnth.26days.R09.P2.B01	NP.1585.16.no.112333.2mnth.56days.R09.P2.C01	NP.1585.16.no.113490.3mnth.97days.R09.P2.D01	NP.1592.14.no.110525.1mnth.16days.R09.P3.A09	NP.1592.14.no.111694.2mnth.58days.R09.P3.A10	NP.1592.14.no.112242.3mnth.86days.R09.P3.A11	NP.1596.16.no.112444.1mnth.30days.R09.P4.B01	NP.1596.16.no.113239.2mnth.58days.R09.P4.C01	NP.1596.16.no.114089.3mnth.86days.R09.P4.D01	NP.1597.14.no.112672.1mnth.30days.R09.P3.D08	NP.1597.14.no.113443.2mnth.57days.R09.P3.D09	NP.1597.14.no.114254.3mnth.84days.R09.P3.D10	NP.1605.16.no.112828.1mnth.28days.R09.P2.B07	NP.1605.16.no.113691.2mnth.56days.R09.P2.C07	NP.1605.16.no.114617.3mnth.84days.R09.P2.D07	NP.1606.16.no.112825.1mnth.28days.R09.P2.B09	NP.1606.16.no.113675.2mnth.56days.R09.P2.C09	NP.1606.16.no.114800.3mnth.91days.R09.P2.D09	NP.1611.16.no.113253.1mnth.28days.R09.P2.B11	NP.1611.16.no.114097.2mnth.56days.R09.P2.C11	NP.1611.16.no.115394.3mnth.97days.R09.P2.D11	NP.1614.16.no.113987.1mnth.29days.R09.P3.B01	NP.1614.16.no.114908.2mnth.57days.R09.P3.C01	NP.1614.16.no.115580.3mnth.85days.R09.P3.D01	NP.1615.16.no.113106.1mnth.29days.R09.P3.B03	NP.1615.16.no.113942.2mnth.56days.R09.P3.C03	NP.1615.16.no.114922.3mnth.85days.R09.P3.D03	NP.1633.16.no.114386.1mnth.26days.R09.P3.B05	NP.1633.16.no.115554.2mnth.68days.R09.P3.C05	NP.1633.16.no.116353.3mnth.95days.R09.P3.D05	NP.1676.16.no.117797.1mnth.40days.R09.P4.B09	NP.1676.16.no.118784.2mnth.67days.R09.P4.C09	NP.1676.16.no.119455.3mnth.93days.R09.P4.D09	NP.1720.16.no.119181.1mnth.27days.R11.P1.B04	NP.1720.16.no.120304.2mnth.66days.R11.P1.C04	NP.1720.16.no.121283.3mnth.96days.R11.P1.D04	NP.1738.16.no.118601.1mnth.28days.R11.P1.B07	NP.1738.16.no.119361.2mnth.56days.R11.P1.C07	NP.1738.16.no.120634.3mnth.97days.R11.P1.D07	NP.1739.16.no.117711.1mnth.28days.R11.P1.B09	NP.1739.16.no.118713.2mnth.56days.R11.P1.C09	NP.1739.16.no.119835.3mnth.97days.R11.P1.D09	NP.1746.16.no.120589.1mnth.28days.R11.P1.A01	NP.1746.16.no.121501.2mnth.56days.R11.P1.B01	NP.1746.16.no.122423.3mnth.97days.R11.P1.C01	NP.1791.16.no.121077.1mnth.41days.R11.P2.B02	NP.1791.16.no.121520.2mnth.54days.R11.P2.C02	NP.1791.16.no.122559.3mnth.97days.R11.P2.D02	NP.1813.16.no.122121.1mnth.29days.R10.P1.B08	NP.1813.16.no.122612.2mnth.55days.R10.P1.C08	NP.1813.16.no.123623.3mnth.84days.R10.P1.D08	NP.1826.15.no.122904.1mnth.42days.R10.P2.A02	NP.1826.15.no.123404.2mnth.56days.R10.P2.A03	NP.1826.15.no.124935.3mnth.97days.R10.P2.A04	NP.1951.14.no.129007.1mnth.29days.R10.P1.E01	NP.1951.14.no.130395.2mnth.57days.R10.P1.F01	NP.1951.14.no.132302.3mnth.83days.R10.P1.G01	NP.1985.15.no.129898.1mnth.29days.R10.P2.D02	NP.1985.15.no.132580.2mnth.57days.R10.P2.D03	NP.1985.15.no.133526.3mnth.85days.R10.P2.D04	NP.1991.14.no.129023.1mnth.31days.R10.P2.G02	NP.1991.14.no.130372.2mnth.59days.R10.P2.G03	NP.1991.14.no.132355.3mnth.88days.R10.P2.G04	NP.3167.15.yes.300322.1mnth.28days.R10.P3.D02	NP.3167.15.yes.300688.2mnth.56days.R10.P3.D03	NP.3167.15.yes.300875.3mnth.97days.R10.P3.D04	NP.3172.15.yes.300307.1mnth.28days.R10.P4.A02	NP.3172.15.yes.300650.2mnth.56days.R10.P4.A03	NP.3172.15.yes.301027.3mnth.98days.R10.P4.A04	NP.3276.16.yes.300882.1mnth.29days.R10.P2.B09	NP.3276.16.yes.301338.2mnth.63days.R10.P2.C09	NP.3276.16.yes.301408.3mnth.83days.R10.P2.D09	NP.3307.14.yes.301398.1mnth.28days.R10.P4.G02	NP.3307.14.yes.301704.2mnth.56days.R10.P4.G03	NP.3307.14.yes.302338.3mnth.98days.R10.P4.G04	NP.3322.16.yes.302341.1mnth.29days.R10.P4.A10	NP.3322.16.yes.302830.2mnth.57days.R10.P4.A11	NP.3322.16.yes.303350.3mnth.85days.R10.P4.A12	NP.3330.15.yes.302290.1mnth.28days.R10.P1.A02	NP.3330.15.yes.302729.2mnth.56days.R10.P1.A03	NP.3330.15.yes.303498.3mnth.97days.R10.P1.A04	NP.3377.16.yes.303403.1mnth.28days.R11.P2.B04	NP.3377.16.yes.303863.2mnth.56days.R11.P2.C04	NP.3377.16.yes.304726.3mnth.98days.R11.P2.D04	NP.3392.16.no.304071.1mnth.28days.R11.P2.B07	NP.3392.16.no.304651.2mnth.56days.R11.P2.C07	NP.3392.16.no.305260.3mnth.90days.R11.P2.D07	NP.3468.16.no.304168.1mnth.27days.R11.P3.B04	NP.3468.16.no.304749.2mnth.59days.R11.P3.C04	NP.3468.16.no.305282.3mnth.87days.R11.P3.D04	NP.3510.16.no.305426.1mnth.28days.R11.P3.B09	NP.3510.16.no.307171.2mnth.55days.R11.P3.C09	NP.3510.16.no.307742.3mnth.84days.R11.P3.D09	NP.3567.16.no.309292.1mnth.28days.R11.P4.B04	NP.3567.16.no.309705.2mnth.57days.R11.P4.C04	NP.3567.16.no.310428.3mnth.96days.R11.P4.D04	NP.3621.16.no.311634.1mnth.26days.R11.P4.B07	NP.3621.16.no.312158.2mnth.54days.R11.P4.C07	NP.3621.16.no.312436.3mnth.88days.R11.P4.D07	NP.3660.16.no.313022.1mnth.29days.R11.P4.B09	NP.3660.16.no.313456.2mnth.57days.R11.P4.C09	NP.3660.16.no.313976.3mnth.89days.R11.P4.D09	NP.3703.16.no.314931.1mnth.28days.R11.P2.B11	NP.3703.16.no.315363.2mnth.64days.R11.P2.C11	NP.3703.16.no.315798.3mnth.97days.R11.P2.D11	NP.3711.16.no.314212.1mnth.27days.R11.P2.B09	NP.3711.16.no.314753.2mnth.57days.R11.P2.C09	NP.3711.16.no.315186.3mnth.97days.R11.P2.D09
ASV_14_Corynebacterium_nan	0.0	0.0	0.0	0.0	0.0	0.0	5100.0	8.0	0.0	0.0	0.0	0.0	157.0	0.0	0.0	2016.0	0.0	0.0	0.0	0.0	0.0	0.0	0.0	0.0	0.0	0.0	0.0	531.0	0.0	0.0	816.0	1585.0	0.0	429.0	0.0	0.0	0.0	0.0	0.0	93.0	636.0	0.0	0.0	0.0	0.0	0.0	0.0	0.0	0.0	0.0	0.0	117.0	174.0	0.0	487.0	0.0	0.0	0.0	0.0	0.0	158.0	0.0	0.0	118.0	0.0	0.0	2174.0	0.0	0.0	4133.0	0.0	0.0	82.0	0.0	0.0	0.0	0.0	0.0	0.0	0.0	0.0	0.0	0.0	0.0	0.0	0.0	0.0	0.0	0.0	0.0	0.0	0.0	0.0	0.0	0.0	0.0	0.0	0.0	0.0	0.0	0.0	0.0	633.0	0.0	0.0	0.0	0.0	0.0	0.0	0.0	0.0	157.0	0.0	0.0	38.0	0.0	0.0	0.0	0.0	0.0	0.0	0.0	0.0	0.0	0.0	0.0	0.0	0.0	0.0	499.0	0.0	0.0	0.0	0.0	0.0	113.0	0.0	0.0	0.0	0.0	0.0	79.0	0.0	0.0	0.0	0.0	0.0	0.0	0.0	1708.0	6522.0	0.0	0.0	0.0	180.0	0.0	0.0	0.0	0.0	0.0	0.0	0.0	0.0	0.0	0.0	0.0	0.0	0.0	0.0	0.0	0.0	40.0	0.0	0.0	0.0	0.0	0.0	0.0	443.0	0.0	0.0	189.0	0.0	0.0	0.0	0.0	0.0	0.0	0.0	902.0	0.0	0.0	0.0	0.0	0.0	0.0	0.0	0.0	219.0	0.0	0.0	0.0	0.0	0.0	0.0	0.0	0.0	0.0	0.0	0.0
ASV_28_Corynebacterium_nan	616.0	0.0	0.0	258.0	0.0	0.0	0.0	0.0	0.0	0.0	0.0	0.0	0.0	0.0	126.0	0.0	0.0	0.0	0.0	0.0	0.0	0.0	0.0	0.0	0.0	607.0	642.0	0.0	0.0	0.0	243.0	1119.0	215.0	385.0	165.0	0.0	0.0	0.0	204.0	0.0	431.0	0.0	277.0	0.0	0.0	622.0	671.0	0.0	0.0	0.0	0.0	0.0	0.0	0.0	0.0	0.0	0.0	0.0	0.0	0.0	0.0	0.0	0.0	0.0	0.0	0.0	0.0	0.0	0.0	0.0	0.0	0.0	0.0	0.0	0.0	0.0	0.0	0.0	0.0	0.0	0.0	0.0	0.0	119.0	0.0	0.0	0.0	0.0	0.0	0.0	1118.0	0.0	0.0	2079.0	0.0	0.0	0.0	408.0	0.0	0.0	0.0	0.0	0.0	0.0	0.0	847.0	0.0	0.0	862.0	0.0	0.0	0.0	163.0	0.0	0.0	0.0	0.0	0.0	0.0	0.0	0.0	0.0	0.0	0.0	279.0	0.0	0.0	0.0	0.0	0.0	0.0	0.0	0.0	0.0	0.0	0.0	1057.0	0.0	0.0	0.0	0.0	0.0	0.0	0.0	0.0	0.0	0.0	0.0	0.0	0.0	1514.0	0.0	0.0	0.0	0.0	0.0	0.0	0.0	0.0	0.0	0.0	1701.0	0.0	0.0	0.0	325.0	247.0	0.0	0.0	541.0	0.0	0.0	0.0	0.0	0.0	0.0	0.0	0.0	305.0	0.0	0.0	0.0	0.0	0.0	0.0	336.0	0.0	0.0	0.0	947.0	0.0	0.0	0.0	0.0	0.0	0.0	0.0	0.0	290.0	0.0	0.0	0.0	0.0	0.0	8.0	0.0	0.0	0.0	659.0	123.0
ASV_34_Corynebacterium_nan	324.0	0.0	0.0	0.0	0.0	0.0	0.0	0.0	0.0	0.0	0.0	0.0	0.0	0.0	173.0	0.0	0.0	0.0	0.0	0.0	0.0	0.0	0.0	0.0	0.0	380.0	390.0	0.0	0.0	0.0	0.0	303.0	0.0	0.0	0.0	0.0	0.0	0.0	0.0	0.0	0.0	0.0	294.0	0.0	0.0	463.0	488.0	0.0	0.0	0.0	0.0	0.0	0.0	0.0	0.0	0.0	0.0	0.0	0.0	0.0	0.0	0.0	0.0	0.0	0.0	0.0	0.0	0.0	0.0	0.0	132.0	0.0	0.0	0.0	0.0	0.0	0.0	0.0	0.0	122.0	0.0	0.0	0.0	0.0	0.0	0.0	0.0	0.0	0.0	0.0	579.0	0.0	0.0	1182.0	0.0	0.0	0.0	236.0	0.0	0.0	0.0	0.0	0.0	0.0	0.0	394.0	0.0	0.0	396.0	0.0	0.0	0.0	0.0	0.0	0.0	0.0	0.0	0.0	0.0	0.0	0.0	0.0	0.0	0.0	215.0	0.0	0.0	0.0	0.0	0.0	0.0	0.0	0.0	0.0	0.0	0.0	626.0	0.0	0.0	0.0	0.0	0.0	0.0	0.0	0.0	0.0	0.0	0.0	0.0	0.0	0.0	0.0	0.0	0.0	0.0	0.0	155.0	0.0	0.0	0.0	204.0	1206.0	0.0	0.0	0.0	202.0	308.0	0.0	0.0	380.0	0.0	0.0	0.0	0.0	0.0	0.0	0.0	0.0	0.0	0.0	0.0	0.0	116.0	0.0	0.0	233.0	0.0	0.0	0.0	0.0	0.0	90.0	0.0	0.0	0.0	0.0	0.0	0.0	0.0	0.0	0.0	0.0	0.0	0.0	0.0	0.0	0.0	0.0	401.0	80.0
ASV_4_Corynebacterium_nan	700.0	303.0	18.0	2419.0	2104.0	293.0	0.0	0.0	154.0	0.0	0.0	40.0	0.0	0.0	389.0	0.0	0.0	0.0	0.0	0.0	0.0	401.0	523.0	679.0	0.0	16598.0	2933.0	0.0	0.0	0.0	917.0	3037.0	427.0	1001.0	647.0	1133.0	0.0	0.0	1291.0	8812.0	4741.0	542.0	690.0	1050.0	123.0	3917.0	7657.0	5505.0	0.0	0.0	0.0	928.0	56.0	82.0	0.0	1053.0	1010.0	0.0	0.0	0.0	0.0	0.0	0.0	1385.0	477.0	34.0	0.0	0.0	570.0	12.0	3020.0	146.0	4596.0	1332.0	0.0	0.0	26531.0	23941.0	108.0	5593.0	78.0	0.0	384.0	304.0	303.0	242.0	385.0	2928.0	0.0	0.0	3841.0	504.0	2445.0	5562.0	0.0	10527.0	25.0	743.0	0.0	54.0	644.0	0.0	0.0	0.0	0.0	4528.0	0.0	0.0	7775.0	9954.0	82.0	192.0	226.0	160.0	0.0	0.0	0.0	0.0	0.0	0.0	0.0	0.0	0.0	0.0	465.0	0.0	164.0	567.0	14.0	0.0	1320.0	225.0	521.0	0.0	0.0	7895.0	13123.0	907.0	0.0	0.0	0.0	0.0	7773.0	16401.0	21466.0	4978.0	2501.0	0.0	16.0	0.0	5705.0	0.0	2426.0	16.0	35.0	31.0	3861.0	18.0	0.0	0.0	20244.0	6331.0	29.0	10.0	65.0	7779.0	3443.0	1455.0	8078.0	660.0	20359.0	22585.0	854.0	131.0	133.0	4.0	2537.0	56.0	1373.0	46.0	0.0	0.0	45.0	78.0	0.0	8612.0	13.0	0.0	159.0	6514.0	513.0	1364.0	34196.0	2519.0	5947.0	0.0	64.0	121.0	1345.0	910.0	146.0	4100.0	691.0	206.0	0.0	23.0	246.0	406.0	1991.0	950.0
ASV_8_Corynebacterium_nan	7834.0	0.0	0.0	646.0	0.0	0.0	0.0	0.0	0.0	3243.0	16683.0	0.0	12708.0	2124.0	1096.0	8445.0	22.0	485.0	11625.0	258.0	72.0	514.0	0.0	93.0	188.0	316.0	1051.0	6482.0	352.0	49.0	0.0	2164.0	10474.0	2739.0	2288.0	14.0	738.0	0.0	1011.0	0.0	0.0	666.0	1749.0	78.0	44.0	2059.0	1166.0	159.0	81.0	8368.0	58.0	0.0	0.0	0.0	3744.0	0.0	0.0	0.0	0.0	0.0	0.0	0.0	0.0	0.0	233.0	2040.0	277.0	0.0	7.0	0.0	209.0	0.0	286.0	0.0	0.0	0.0	237.0	0.0	83.0	170.0	181.0	11693.0	1345.0	1161.0	84.0	1336.0	330.0	0.0	248.0	0.0	3126.0	42.0	0.0	7394.0	5785.0	121.0	414.0	2623.0	727.0	0.0	0.0	0.0	1481.0	688.0	91.0	1219.0	0.0	373.0	755.0	83.0	82.0	2198.0	4632.0	127.0	0.0	0.0	0.0	0.0	0.0	0.0	0.0	0.0	0.0	1846.0	1796.0	169.0	0.0	78.0	0.0	0.0	0.0	0.0	1076.0	0.0	0.0	0.0	2355.0	31.0	1421.0	0.0	0.0	5602.0	137.0	0.0	0.0	0.0	15.0	1487.0	0.0	0.0	0.0	0.0	91.0	0.0	0.0	740.0	339.0	0.0	34.0	1183.0	335.0	8056.0	3533.0	1906.0	235.0	481.0	583.0	24.0	112.0	8225.0	132.0	0.0	0.0	0.0	223.0	0.0	0.0	0.0	212.0	0.0	387.0	16257.0	3633.0	283.0	0.0	452.0	0.0	12.0	818.0	0.0	0.0	264.0	0.0	0.0	0.0	0.0	0.0	37.0	205.0	0.0	0.0	0.0	0.0	0.0	9588.0	11089.0	768.0	8770.0	3978.0	251.0
ASV_40_Porphyromonas_nan	0.0	0.0	0.0	0.0	0.0	0.0	279.0	157.0	39.0	0.0	0.0	0.0	138.0	241.0	59.0	0.0	23.0	0.0	0.0	0.0	0.0	30.0	0.0	0.0	168.0	0.0	0.0	0.0	0.0	0.0	0.0	0.0	0.0	0.0	0.0	0.0	0.0	0.0	0.0	71.0	0.0	0.0	0.0	0.0	0.0	0.0	0.0	0.0	0.0	0.0	0.0	0.0	0.0	0.0	0.0	0.0	0.0	0.0	0.0	0.0	0.0	0.0	48.0	0.0	0.0	0.0	0.0	0.0	0.0	7.0	0.0	0.0	0.0	0.0	0.0	0.0	0.0	0.0	0.0	0.0	0.0	0.0	0.0	0.0	0.0	0.0	0.0	0.0	269.0	455.0	0.0	0.0	0.0	101.0	0.0	0.0	1714.0	80.0	23.0	0.0	0.0	15.0	0.0	0.0	174.0	0.0	0.0	0.0	0.0	386.0	87.0	423.0	15.0	0.0	0.0	0.0	0.0	0.0	35.0	144.0	0.0	0.0	0.0	0.0	0.0	0.0	100.0	0.0	0.0	0.0	0.0	0.0	0.0	0.0	0.0	0.0	29.0	0.0	0.0	18.0	0.0	123.0	704.0	0.0	0.0	0.0	0.0	0.0	12.0	0.0	0.0	0.0	0.0	0.0	0.0	0.0	150.0	1126.0	5219.0	0.0	0.0	0.0	0.0	0.0	0.0	0.0	0.0	0.0	0.0	0.0	0.0	0.0	0.0	0.0	0.0	14.0	0.0	0.0	16.0	0.0	860.0	0.0	5.0	0.0	0.0	0.0	0.0	0.0	0.0	0.0	0.0	0.0	0.0	0.0	0.0	0.0	167.0	0.0	0.0	0.0	23.0	9.0	0.0	0.0	10.0	0.0	84.0	0.0	0.0	0.0
ASV_58_Porphyromonas_nan	0.0	0.0	0.0	0.0	0.0	0.0	0.0	0.0	0.0	0.0	0.0	139.0	0.0	79.0	0.0	0.0	0.0	0.0	0.0	58.0	0.0	0.0	0.0	11.0	27.0	0.0	0.0	0.0	0.0	0.0	0.0	0.0	0.0	0.0	0.0	0.0	0.0	0.0	0.0	0.0	0.0	0.0	0.0	0.0	0.0	0.0	0.0	0.0	0.0	0.0	0.0	0.0	0.0	0.0	0.0	0.0	0.0	0.0	0.0	0.0	0.0	0.0	0.0	0.0	74.0	0.0	0.0	0.0	0.0	0.0	0.0	0.0	0.0	0.0	0.0	0.0	0.0	0.0	0.0	0.0	0.0	0.0	0.0	0.0	0.0	0.0	13.0	0.0	28.0	0.0	0.0	0.0	64.0	0.0	0.0	0.0	26.0	21.0	63.0	0.0	0.0	59.0	0.0	0.0	0.0	0.0	0.0	0.0	0.0	0.0	0.0	0.0	0.0	0.0	649.0	0.0	34.0	0.0	297.0	18.0	0.0	0.0	36.0	0.0	0.0	10.0	0.0	276.0	13.0	0.0	0.0	0.0	0.0	29.0	0.0	0.0	0.0	0.0	0.0	0.0	0.0	39.0	64.0	0.0	0.0	0.0	636.0	0.0	0.0	0.0	0.0	0.0	0.0	0.0	0.0	0.0	0.0	0.0	0.0	0.0	0.0	0.0	0.0	41.0	61.0	0.0	0.0	0.0	0.0	0.0	0.0	0.0	0.0	0.0	0.0	64.0	20.0	0.0	0.0	0.0	159.0	0.0	0.0	0.0	0.0	0.0	0.0	0.0	0.0	0.0	0.0	6.0	0.0	0.0	0.0	0.0	0.0	0.0	0.0	0.0	0.0	16.0	0.0	0.0	0.0	0.0	0.0	0.0	0.0	0.0
ASV_33_Alloprevotella_nan	0.0	8.0	0.0	0.0	0.0	0.0	0.0	121.0	1350.0	0.0	0.0	186.0	0.0	55.0	0.0	0.0	0.0	73.0	0.0	0.0	0.0	0.0	0.0	5.0	524.0	0.0	0.0	0.0	0.0	0.0	0.0	0.0	0.0	0.0	0.0	65.0	0.0	0.0	0.0	0.0	0.0	0.0	0.0	0.0	0.0	0.0	0.0	0.0	0.0	0.0	0.0	0.0	0.0	0.0	0.0	0.0	0.0	0.0	0.0	0.0	0.0	0.0	0.0	0.0	124.0	0.0	14.0	0.0	0.0	0.0	0.0	0.0	0.0	844.0	133.0	0.0	0.0	0.0	0.0	0.0	0.0	0.0	0.0	0.0	0.0	0.0	5.0	11.0	0.0	99.0	40.0	0.0	0.0	0.0	0.0	0.0	4523.0	0.0	0.0	0.0	9.0	75.0	0.0	0.0	0.0	0.0	0.0	0.0	0.0	152.0	119.0	0.0	165.0	0.0	0.0	15.0	33.0	0.0	0.0	0.0	0.0	0.0	0.0	13.0	0.0	0.0	3224.0	4587.0	1614.0	0.0	0.0	12.0	0.0	238.0	0.0	103.0	0.0	0.0	0.0	0.0	0.0	10.0	158.0	0.0	124.0	0.0	69.0	0.0	94.0	0.0	0.0	0.0	0.0	4693.0	0.0	0.0	0.0	1711.0	416.0	0.0	0.0	0.0	0.0	137.0	14.0	22.0	0.0	0.0	0.0	0.0	0.0	0.0	0.0	0.0	0.0	10.0	6.0	322.0	0.0	23.0	1278.0	0.0	0.0	0.0	0.0	0.0	0.0	0.0	0.0	0.0	0.0	0.0	81.0	0.0	0.0	0.0	0.0	0.0	0.0	0.0	35.0	65.0	0.0	0.0	13.0	6.0	117.0	0.0	0.0	0.0
ASV_63_ASV_63_nan	0.0	0.0	0.0	0.0	0.0	0.0	0.0	0.0	0.0	0.0	0.0	0.0	0.0	0.0	43.0	263.0	503.0	51.0	0.0	17.0	0.0	0.0	0.0	0.0	0.0	0.0	0.0	0.0	0.0	114.0	0.0	0.0	0.0	0.0	0.0	10.0	0.0	0.0	0.0	0.0	0.0	0.0	4.0	0.0	0.0	0.0	0.0	0.0	0.0	0.0	0.0	0.0	0.0	0.0	0.0	0.0	0.0	0.0	0.0	0.0	0.0	0.0	0.0	0.0	0.0	0.0	0.0	0.0	0.0	0.0	0.0	0.0	0.0	0.0	0.0	0.0	0.0	0.0	0.0	0.0	0.0	0.0	0.0	0.0	0.0	0.0	0.0	0.0	0.0	0.0	0.0	0.0	0.0	0.0	0.0	0.0	0.0	63.0	0.0	0.0	0.0	91.0	25.0	0.0	0.0	0.0	0.0	0.0	0.0	0.0	355.0	0.0	114.0	0.0	0.0	210.0	0.0	0.0	0.0	0.0	0.0	0.0	0.0	0.0	0.0	0.0	0.0	0.0	0.0	0.0	0.0	0.0	42.0	34.0	0.0	14.0	0.0	0.0	0.0	0.0	0.0	0.0	0.0	0.0	0.0	0.0	13.0	0.0	207.0	62.0	0.0	0.0	0.0	2447.0	0.0	0.0	0.0	0.0	0.0	0.0	0.0	0.0	0.0	45.0	1684.0	0.0	0.0	0.0	0.0	0.0	0.0	0.0	0.0	0.0	0.0	0.0	0.0	0.0	0.0	10.0	3454.0	0.0	0.0	0.0	0.0	0.0	0.0	0.0	0.0	0.0	0.0	0.0	0.0	0.0	0.0	0.0	40.0	0.0	0.0	0.0	0.0	35.0	0.0	0.0	42.0	0.0	99.0	0.0	0.0	0.0
ASV_6_Dolosigranulum_pigrum	287.0	159.0	136.0	1196.0	82.0	109.0	18.0	0.0	699.0	0.0	0.0	90.0	0.0	0.0	188.0	77.0	0.0	22.0	0.0	0.0	30.0	20.0	12.0	625.0	0.0	1953.0	1364.0	0.0	0.0	0.0	0.0	0.0	0.0	2489.0	3223.0	410.0	0.0	0.0	0.0	1902.0	1188.0	153.0	441.0	250.0	898.0	0.0	1010.0	5192.0	0.0	0.0	0.0	550.0	17.0	131.0	0.0	145.0	443.0	0.0	0.0	0.0	0.0	0.0	0.0	11.0	72.0	391.0	0.0	0.0	32.0	754.0	1509.0	1585.0	1038.0	0.0	26.0	0.0	0.0	0.0	0.0	1235.0	338.0	0.0	757.0	1243.0	0.0	388.0	88.0	832.0	0.0	0.0	1786.0	415.0	6919.0	0.0	0.0	693.0	11.0	812.0	0.0	0.0	0.0	0.0	0.0	0.0	0.0	838.0	1727.0	5773.0	3563.0	5573.0	18.0	500.0	856.0	720.0	0.0	0.0	0.0	15.0	176.0	14.0	0.0	0.0	0.0	0.0	1574.0	0.0	10.0	180.0	393.0	0.0	1077.0	363.0	53.0	31.0	0.0	2925.0	1616.0	1696.0	9.0	4.0	0.0	0.0	4680.0	15040.0	2402.0	488.0	1419.0	0.0	21.0	0.0	204.0	0.0	597.0	13.0	19.0	713.0	9205.0	42.0	10.0	0.0	6260.0	2316.0	34.0	0.0	66.0	2964.0	4936.0	593.0	3015.0	4134.0	8291.0	64.0	50.0	0.0	15.0	0.0	1506.0	0.0	0.0	45.0	0.0	0.0	0.0	14.0	2.0	901.0	0.0	25.0	12.0	13.0	103.0	179.0	44.0	1720.0	1280.0	23.0	657.0	165.0	596.0	128.0	93.0	0.0	0.0	30.0	0.0	44.0	119.0	45.0	1030.0	847.0
ASV_10_Streptococcus_nan	0.0	0.0	0.0	0.0	0.0	0.0	320.0	59.0	96.0	0.0	0.0	28.0	71.0	312.0	0.0	35.0	11.0	31.0	113.0	0.0	0.0	0.0	13.0	132.0	121.0	679.0	22.0	479.0	1487.0	127.0	0.0	0.0	0.0	155.0	0.0	0.0	0.0	0.0	0.0	471.0	0.0	0.0	1041.0	0.0	0.0	0.0	0.0	0.0	0.0	0.0	452.0	0.0	0.0	0.0	0.0	0.0	0.0	0.0	0.0	0.0	0.0	343.0	443.0	18.0	437.0	13.0	206.0	32.0	0.0	1269.0	0.0	0.0	0.0	0.0	0.0	0.0	10.0	0.0	0.0	0.0	0.0	0.0	0.0	0.0	0.0	106.0	0.0	52.0	0.0	67.0	235.0	83.0	45.0	731.0	550.0	0.0	3151.0	278.0	22.0	0.0	0.0	0.0	68.0	304.0	1361.0	35.0	905.0	25.0	2110.0	396.0	0.0	1392.0	89.0	14.0	597.0	165.0	158.0	55.0	3282.0	1113.0	0.0	38.0	104.0	59.0	0.0	0.0	355.0	0.0	61.0	47.0	117.0	279.0	0.0	476.0	0.0	799.0	0.0	0.0	242.0	389.0	0.0	639.0	1463.0	330.0	41.0	45.0	1418.0	2146.0	2298.0	663.0	0.0	0.0	0.0	205.0	115.0	29.0	1452.0	227.0	847.0	1446.0	726.0	0.0	0.0	27.0	0.0	514.0	0.0	0.0	0.0	0.0	0.0	0.0	0.0	0.0	359.0	0.0	0.0	666.0	0.0	0.0	4313.0	1233.0	65.0	0.0	145.0	0.0	0.0	0.0	77.0	346.0	179.0	178.0	710.0	0.0	0.0	0.0	698.0	0.0	0.0	0.0	0.0	15.0	109.0	0.0	619.0	144.0	0.0	0.0	337.0	505.0
ASV_24_Streptococcus_nan	0.0	0.0	23.0	0.0	0.0	0.0	0.0	0.0	0.0	0.0	104.0	0.0	0.0	0.0	0.0	0.0	0.0	0.0	0.0	0.0	0.0	0.0	0.0	30.0	0.0	463.0	34.0	399.0	2855.0	0.0	0.0	0.0	32.0	12.0	0.0	0.0	0.0	0.0	0.0	204.0	19.0	0.0	0.0	0.0	0.0	15.0	9.0	0.0	0.0	73.0	0.0	0.0	0.0	68.0	0.0	0.0	0.0	0.0	0.0	0.0	0.0	34.0	51.0	0.0	0.0	0.0	46.0	8.0	0.0	0.0	0.0	0.0	0.0	60.0	0.0	0.0	0.0	0.0	0.0	0.0	0.0	0.0	0.0	0.0	0.0	0.0	0.0	0.0	0.0	0.0	0.0	28.0	0.0	0.0	0.0	0.0	172.0	0.0	0.0	0.0	0.0	0.0	30.0	113.0	350.0	0.0	0.0	0.0	0.0	0.0	0.0	0.0	0.0	0.0	0.0	0.0	69.0	0.0	222.0	0.0	0.0	0.0	19.0	97.0	9.0	261.0	0.0	0.0	0.0	0.0	127.0	52.0	0.0	0.0	0.0	287.0	0.0	0.0	76.0	0.0	29.0	58.0	0.0	0.0	0.0	0.0	0.0	713.0	136.0	27.0	0.0	0.0	18.0	0.0	16.0	0.0	38.0	18.0	200.0	1178.0	100.0	25.0	0.0	0.0	0.0	278.0	0.0	0.0	41.0	2036.0	400.0	131.0	0.0	0.0	0.0	0.0	0.0	0.0	0.0	0.0	0.0	393.0	0.0	0.0	29.0	28.0	0.0	0.0	34.0	0.0	25.0	0.0	144.0	0.0	0.0	0.0	0.0	0.0	0.0	0.0	0.0	0.0	74.0	82.0	157.0	30.0	33.0	0.0	134.0	0.0
ASV_7_Streptococcus_nan	0.0	103.0	0.0	107.0	73.0	418.0	0.0	0.0	0.0	0.0	94.0	0.0	0.0	0.0	0.0	0.0	0.0	0.0	0.0	958.0	2898.0	144.0	0.0	0.0	0.0	0.0	0.0	0.0	0.0	0.0	0.0	0.0	0.0	0.0	0.0	52.0	0.0	56.0	2421.0	0.0	1003.0	0.0	0.0	0.0	0.0	0.0	0.0	187.0	1041.0	979.0	7649.0	455.0	1472.0	6555.0	0.0	0.0	368.0	0.0	0.0	0.0	0.0	0.0	0.0	0.0	0.0	0.0	8009.0	0.0	318.0	0.0	0.0	2501.0	378.0	1496.0	820.0	0.0	0.0	0.0	0.0	1178.0	786.0	0.0	0.0	80.0	0.0	443.0	1100.0	0.0	0.0	0.0	0.0	0.0	0.0	0.0	0.0	0.0	0.0	0.0	0.0	67.0	1315.0	834.0	0.0	0.0	0.0	0.0	0.0	0.0	0.0	619.0	856.0	557.0	0.0	0.0	0.0	0.0	323.0	0.0	717.0	316.0	0.0	0.0	0.0	0.0	0.0	113.0	0.0	0.0	0.0	0.0	0.0	0.0	94.0	318.0	0.0	0.0	958.0	4587.0	974.0	9996.0	16668.0	11659.0	0.0	1332.0	0.0	0.0	459.0	1000.0	149.0	0.0	418.0	2979.0	548.0	125.0	0.0	0.0	0.0	0.0	0.0	0.0	0.0	532.0	0.0	0.0	106.0	0.0	0.0	3011.0	0.0	0.0	0.0	5458.0	167.0	3633.0	3077.0	1032.0	3412.0	1620.0	521.0	348.0	0.0	0.0	0.0	4629.0	851.0	3352.0	562.0	2520.0	413.0	0.0	562.0	0.0	0.0	0.0	0.0	0.0	0.0	5607.0	51.0	5059.0	2975.0	0.0	0.0	0.0	0.0	7710.0	1726.0	55.0	0.0	0.0
ASV_39_Gemella_nan	0.0	0.0	0.0	0.0	0.0	0.0	64.0	0.0	28.0	0.0	37.0	11.0	16.0	195.0	0.0	25.0	0.0	0.0	16.0	119.0	36.0	11.0	0.0	0.0	38.0	88.0	0.0	27.0	197.0	25.0	0.0	0.0	0.0	0.0	0.0	55.0	0.0	0.0	0.0	101.0	0.0	0.0	0.0	0.0	0.0	0.0	0.0	0.0	0.0	0.0	66.0	0.0	0.0	0.0	0.0	0.0	0.0	0.0	0.0	0.0	0.0	0.0	21.0	0.0	0.0	0.0	10.0	0.0	0.0	13.0	0.0	0.0	0.0	0.0	13.0	0.0	0.0	0.0	0.0	0.0	0.0	0.0	0.0	0.0	0.0	11.0	14.0	0.0	41.0	0.0	121.0	0.0	0.0	25.0	51.0	597.0	242.0	122.0	0.0	0.0	0.0	0.0	21.0	0.0	125.0	76.0	35.0	0.0	226.0	123.0	10.0	182.0	12.0	0.0	191.0	0.0	35.0	445.0	543.0	125.0	0.0	0.0	5.0	0.0	0.0	23.0	71.0	46.0	817.0	12.0	34.0	295.0	0.0	38.0	0.0	190.0	0.0	0.0	33.0	57.0	0.0	179.0	171.0	0.0	0.0	0.0	14.0	470.0	385.0	22.0	0.0	0.0	0.0	55.0	0.0	0.0	582.0	56.0	71.0	0.0	356.0	15.0	0.0	0.0	26.0	15.0	0.0	9.0	0.0	0.0	6.0	15.0	0.0	0.0	6.0	0.0	0.0	5.0	0.0	0.0	520.0	376.0	0.0	0.0	0.0	181.0	0.0	0.0	0.0	583.0	48.0	11.0	27.0	0.0	0.0	0.0	0.0	0.0	0.0	0.0	0.0	9.0	0.0	0.0	39.0	0.0	18.0	0.0	0.0	8.0
ASV_5_Staphylococcus_nan	37.0	0.0	0.0	32.0	0.0	0.0	6582.0	73.0	0.0	7668.0	2811.0	29.0	1484.0	98.0	0.0	562.0	0.0	0.0	56.0	157.0	0.0	0.0	0.0	0.0	4428.0	0.0	6327.0	2530.0	189.0	7.0	9815.0	12056.0	8947.0	279.0	0.0	0.0	15173.0	11216.0	796.0	5103.0	4294.0	0.0	1769.0	6464.0	13263.0	1676.0	1302.0	0.0	946.0	6355.0	87.0	7096.0	1285.0	23.0	8728.0	142.0	637.0	5979.0	3375.0	7681.0	420.0	0.0	0.0	526.0	61.0	0.0	1127.0	0.0	549.0	3686.0	1672.0	15.0	892.0	277.0	0.0	2341.0	322.0	0.0	8064.0	2653.0	230.0	1205.0	0.0	0.0	13107.0	0.0	0.0	840.0	115.0	0.0	0.0	42.0	0.0	75.0	0.0	809.0	15.0	367.0	5666.0	1506.0	86.0	122.0	11543.0	12725.0	1310.0	3009.0	0.0	130.0	42.0	0.0	0.0	2202.0	1724.0	209.0	1989.0	2247.0	976.0	0.0	49.0	0.0	537.0	14740.0	0.0	5249.0	820.0	0.0	0.0	0.0	0.0	6059.0	1367.0	13.0	0.0	0.0	0.0	0.0	37.0	45.0	599.0	0.0	0.0	89.0	57.0	0.0	0.0	15.0	0.0	694.0	4409.0	2158.0	18066.0	0.0	849.0	506.0	6065.0	16085.0	0.0	13473.0	821.0	35.0	621.0	11.0	380.0	90.0	9.0	79.0	0.0	0.0	48.0	548.0	0.0	217.0	159.0	0.0	26.0	0.0	0.0	199.0	121.0	141.0	2367.0	451.0	32.0	2863.0	1959.0	497.0	0.0	0.0	0.0	3179.0	0.0	0.0	920.0	35.0	7.0	0.0	2637.0	0.0	26.0	0.0	0.0	0.0	1283.0	5172.0	6515.0	148.0	992.0	4030.0	800.0	0.0
ASV_35_ASV_35_nan	0.0	0.0	0.0	0.0	0.0	0.0	0.0	0.0	0.0	0.0	0.0	484.0	0.0	0.0	19.0	181.0	236.0	40.0	0.0	0.0	0.0	0.0	0.0	0.0	0.0	0.0	0.0	0.0	0.0	0.0	0.0	0.0	0.0	0.0	0.0	0.0	0.0	0.0	0.0	0.0	0.0	0.0	7.0	0.0	0.0	0.0	0.0	0.0	0.0	0.0	0.0	0.0	0.0	0.0	0.0	0.0	0.0	0.0	0.0	0.0	0.0	0.0	19.0	0.0	0.0	0.0	0.0	0.0	0.0	0.0	0.0	0.0	0.0	0.0	67.0	0.0	0.0	0.0	0.0	0.0	0.0	0.0	0.0	0.0	0.0	45.0	203.0	0.0	0.0	0.0	0.0	0.0	14.0	0.0	0.0	0.0	1283.0	0.0	28.0	0.0	0.0	0.0	0.0	0.0	0.0	0.0	0.0	0.0	0.0	0.0	570.0	0.0	0.0	128.0	0.0	306.0	212.0	0.0	108.0	0.0	0.0	32.0	63.0	0.0	0.0	0.0	0.0	0.0	0.0	0.0	0.0	0.0	23.0	52.0	0.0	0.0	0.0	0.0	0.0	0.0	0.0	0.0	2093.0	0.0	0.0	0.0	0.0	372.0	587.0	11.0	0.0	0.0	0.0	0.0	0.0	0.0	0.0	0.0	1474.0	0.0	0.0	0.0	0.0	0.0	695.0	0.0	0.0	0.0	4.0	0.0	0.0	0.0	0.0	0.0	0.0	0.0	0.0	0.0	0.0	0.0	0.0	0.0	0.0	0.0	0.0	0.0	0.0	0.0	0.0	0.0	0.0	21.0	0.0	0.0	0.0	0.0	0.0	23.0	0.0	0.0	17.0	106.0	21.0	0.0	0.0	0.0	0.0	0.0	0.0	0.0
ASV_100_Veillonella_massiliensis	0.0	0.0	0.0	0.0	0.0	0.0	0.0	0.0	15.0	0.0	0.0	0.0	14.0	189.0	0.0	39.0	15.0	0.0	77.0	0.0	0.0	0.0	0.0	0.0	0.0	0.0	0.0	23.0	0.0	0.0	0.0	0.0	0.0	4.0	0.0	0.0	0.0	0.0	0.0	17.0	0.0	0.0	0.0	0.0	0.0	0.0	0.0	0.0	0.0	0.0	0.0	0.0	0.0	0.0	0.0	0.0	0.0	0.0	0.0	0.0	0.0	0.0	24.0	0.0	29.0	0.0	0.0	0.0	0.0	0.0	0.0	0.0	0.0	13.0	0.0	0.0	0.0	0.0	0.0	0.0	0.0	0.0	0.0	0.0	0.0	0.0	0.0	0.0	0.0	11.0	6.0	0.0	5.0	0.0	0.0	0.0	321.0	0.0	19.0	0.0	0.0	0.0	7.0	0.0	72.0	0.0	0.0	0.0	0.0	0.0	0.0	0.0	0.0	0.0	54.0	0.0	13.0	0.0	62.0	0.0	0.0	0.0	0.0	27.0	0.0	16.0	115.0	0.0	0.0	21.0	0.0	7.0	0.0	0.0	0.0	78.0	0.0	0.0	0.0	0.0	0.0	38.0	147.0	0.0	0.0	0.0	111.0	66.0	108.0	19.0	0.0	0.0	0.0	394.0	0.0	0.0	0.0	676.0	341.0	0.0	0.0	0.0	0.0	0.0	0.0	0.0	0.0	0.0	0.0	0.0	0.0	0.0	0.0	0.0	0.0	0.0	0.0	0.0	0.0	0.0	693.0	0.0	0.0	0.0	0.0	0.0	0.0	0.0	0.0	7.0	0.0	0.0	13.0	0.0	0.0	0.0	7.0	0.0	0.0	0.0	0.0	5.0	0.0	0.0	54.0	5.0	19.0	0.0	0.0	0.0
ASV_176_Veillonella_nan	0.0	0.0	0.0	0.0	0.0	0.0	0.0	0.0	0.0	0.0	12.0	4.0	0.0	0.0	0.0	0.0	0.0	0.0	0.0	0.0	0.0	0.0	0.0	23.0	0.0	28.0	0.0	0.0	347.0	7.0	0.0	0.0	0.0	0.0	0.0	0.0	0.0	0.0	0.0	0.0	0.0	0.0	0.0	0.0	0.0	0.0	0.0	0.0	0.0	0.0	0.0	0.0	0.0	0.0	0.0	0.0	0.0	0.0	0.0	0.0	0.0	0.0	0.0	0.0	0.0	0.0	0.0	0.0	0.0	0.0	0.0	0.0	0.0	0.0	0.0	0.0	0.0	0.0	0.0	0.0	0.0	0.0	0.0	0.0	0.0	0.0	0.0	0.0	0.0	0.0	0.0	0.0	0.0	5.0	0.0	0.0	9.0	0.0	0.0	0.0	0.0	0.0	0.0	0.0	18.0	0.0	0.0	0.0	6.0	0.0	0.0	0.0	0.0	0.0	0.0	0.0	0.0	0.0	57.0	0.0	0.0	0.0	0.0	0.0	0.0	19.0	0.0	0.0	0.0	0.0	0.0	0.0	0.0	0.0	0.0	0.0	0.0	0.0	0.0	0.0	0.0	0.0	0.0	0.0	0.0	0.0	0.0	52.0	23.0	0.0	0.0	0.0	0.0	0.0	0.0	0.0	20.0	0.0	0.0	394.0	51.0	0.0	0.0	0.0	0.0	38.0	0.0	0.0	0.0	0.0	0.0	0.0	0.0	0.0	0.0	0.0	0.0	0.0	0.0	0.0	0.0	15.0	0.0	0.0	0.0	0.0	0.0	0.0	0.0	0.0	0.0	0.0	0.0	5.0	0.0	0.0	0.0	0.0	0.0	0.0	0.0	0.0	14.0	17.0	31.0	0.0	0.0	0.0	0.0	0.0
ASV_49_Streptobacillus_nan	0.0	0.0	0.0	0.0	0.0	0.0	0.0	0.0	216.0	0.0	0.0	8.0	0.0	0.0	0.0	5.0	0.0	0.0	0.0	0.0	0.0	5.0	0.0	0.0	0.0	0.0	0.0	0.0	0.0	0.0	0.0	0.0	0.0	0.0	0.0	0.0	0.0	0.0	0.0	0.0	0.0	0.0	0.0	0.0	0.0	0.0	0.0	0.0	0.0	0.0	0.0	0.0	0.0	0.0	0.0	0.0	0.0	0.0	0.0	0.0	0.0	0.0	33.0	0.0	220.0	0.0	0.0	0.0	0.0	0.0	0.0	0.0	0.0	0.0	0.0	0.0	0.0	0.0	0.0	0.0	0.0	0.0	0.0	0.0	0.0	0.0	0.0	0.0	0.0	0.0	0.0	0.0	24.0	0.0	190.0	9.0	3108.0	28.0	0.0	0.0	0.0	0.0	111.0	26.0	0.0	0.0	0.0	0.0	0.0	0.0	0.0	0.0	0.0	0.0	3867.0	0.0	0.0	0.0	125.0	0.0	0.0	0.0	0.0	0.0	0.0	0.0	4449.0	16.0	0.0	0.0	0.0	0.0	42.0	251.0	0.0	0.0	0.0	0.0	0.0	0.0	0.0	0.0	0.0	0.0	0.0	0.0	332.0	0.0	2457.0	4.0	0.0	0.0	0.0	0.0	0.0	0.0	0.0	0.0	0.0	0.0	0.0	0.0	0.0	0.0	31.0	0.0	0.0	0.0	0.0	0.0	0.0	0.0	0.0	0.0	0.0	0.0	0.0	0.0	26.0	0.0	0.0	0.0	0.0	0.0	0.0	0.0	0.0	0.0	0.0	151.0	41.0	0.0	0.0	0.0	0.0	0.0	28.0	0.0	0.0	0.0	43.0	0.0	8.0	0.0	56.0	0.0	0.0	0.0	0.0	0.0
ASV_13_Neisseria_nan	0.0	186.0	0.0	0.0	0.0	0.0	0.0	0.0	0.0	0.0	0.0	0.0	311.0	172.0	0.0	28.0	1688.0	294.0	0.0	0.0	0.0	0.0	0.0	0.0	0.0	0.0	0.0	0.0	0.0	0.0	0.0	0.0	0.0	0.0	0.0	0.0	0.0	0.0	0.0	0.0	0.0	0.0	147.0	0.0	0.0	0.0	0.0	0.0	0.0	0.0	0.0	0.0	0.0	0.0	0.0	0.0	0.0	0.0	0.0	0.0	0.0	0.0	26.0	0.0	0.0	0.0	18.0	0.0	0.0	0.0	0.0	0.0	0.0	0.0	0.0	0.0	0.0	0.0	0.0	0.0	0.0	0.0	0.0	0.0	0.0	55.0	0.0	0.0	0.0	0.0	0.0	0.0	343.0	0.0	0.0	0.0	0.0	0.0	0.0	0.0	0.0	0.0	0.0	0.0	0.0	0.0	0.0	0.0	0.0	0.0	0.0	0.0	0.0	0.0	0.0	0.0	0.0	0.0	1378.0	0.0	0.0	0.0	0.0	0.0	0.0	0.0	0.0	0.0	0.0	5153.0	0.0	10.0	124.0	454.0	0.0	0.0	0.0	0.0	0.0	0.0	0.0	0.0	0.0	0.0	153.0	0.0	318.0	2890.0	2031.0	629.0	0.0	0.0	0.0	12494.0	0.0	0.0	0.0	0.0	0.0	10.0	0.0	0.0	0.0	101.0	4712.0	0.0	0.0	0.0	15.0	0.0	0.0	0.0	0.0	0.0	14.0	0.0	0.0	0.0	0.0	35.0	0.0	0.0	0.0	0.0	0.0	0.0	0.0	0.0	0.0	0.0	0.0	54.0	0.0	0.0	0.0	0.0	0.0	4.0	0.0	0.0	0.0	0.0	0.0	0.0	0.0	0.0	0.0	0.0	0.0	1992.0
ASV_22_ASV_22_nan	72.0	0.0	73.0	0.0	0.0	17.0	0.0	0.0	0.0	0.0	86.0	0.0	0.0	0.0	0.0	0.0	0.0	0.0	0.0	0.0	0.0	0.0	0.0	86.0	0.0	0.0	0.0	0.0	0.0	0.0	0.0	0.0	10.0	0.0	0.0	0.0	0.0	0.0	5501.0	0.0	0.0	39.0	0.0	0.0	0.0	0.0	0.0	0.0	0.0	0.0	0.0	0.0	0.0	0.0	0.0	0.0	39.0	0.0	0.0	100.0	4.0	778.0	56.0	0.0	0.0	0.0	0.0	0.0	211.0	0.0	0.0	78.0	0.0	0.0	0.0	0.0	58.0	466.0	143.0	0.0	1251.0	0.0	0.0	0.0	0.0	356.0	439.0	0.0	0.0	0.0	0.0	0.0	0.0	0.0	0.0	0.0	0.0	0.0	5.0	0.0	0.0	0.0	0.0	0.0	203.0	0.0	0.0	0.0	0.0	0.0	0.0	0.0	0.0	0.0	0.0	0.0	0.0	0.0	0.0	0.0	0.0	0.0	0.0	0.0	0.0	0.0	0.0	0.0	0.0	0.0	0.0	0.0	0.0	0.0	0.0	0.0	695.0	556.0	0.0	0.0	0.0	0.0	0.0	9.0	0.0	0.0	0.0	0.0	0.0	0.0	0.0	0.0	1456.0	0.0	2981.0	3069.0	0.0	9.0	131.0	0.0	0.0	354.0	0.0	0.0	25.0	0.0	0.0	0.0	0.0	498.0	2349.0	0.0	0.0	0.0	0.0	0.0	0.0	0.0	0.0	0.0	0.0	0.0	0.0	0.0	0.0	0.0	0.0	27.0	928.0	0.0	0.0	0.0	0.0	0.0	0.0	0.0	0.0	0.0	0.0	0.0	0.0	0.0	27.0	282.0	0.0	0.0	57.0	0.0	168.0	415.0
ASV_18_Klebsiella_nan	0.0	0.0	0.0	0.0	0.0	0.0	0.0	0.0	0.0	0.0	0.0	0.0	0.0	0.0	0.0	0.0	0.0	0.0	0.0	18.0	0.0	0.0	0.0	0.0	0.0	689.0	0.0	312.0	15.0	0.0	0.0	0.0	0.0	0.0	5.0	0.0	0.0	0.0	0.0	21.0	0.0	0.0	0.0	0.0	0.0	0.0	0.0	0.0	377.0	0.0	0.0	0.0	0.0	0.0	49.0	0.0	0.0	0.0	0.0	0.0	0.0	308.0	65.0	0.0	0.0	127.0	0.0	0.0	0.0	0.0	0.0	0.0	0.0	0.0	0.0	0.0	0.0	0.0	0.0	0.0	0.0	0.0	4.0	0.0	0.0	0.0	0.0	0.0	0.0	0.0	0.0	419.0	0.0	0.0	0.0	0.0	0.0	0.0	0.0	0.0	0.0	0.0	0.0	0.0	0.0	0.0	0.0	0.0	0.0	0.0	0.0	0.0	0.0	0.0	0.0	0.0	0.0	0.0	46.0	0.0	0.0	0.0	0.0	0.0	0.0	18.0	70.0	0.0	0.0	24.0	0.0	0.0	0.0	0.0	0.0	0.0	0.0	0.0	0.0	0.0	0.0	0.0	0.0	39.0	0.0	0.0	0.0	0.0	0.0	0.0	0.0	0.0	685.0	0.0	0.0	0.0	168.0	0.0	0.0	607.0	13.0	0.0	0.0	0.0	0.0	43.0	0.0	0.0	0.0	0.0	0.0	0.0	0.0	0.0	0.0	0.0	0.0	16.0	0.0	0.0	238.0	0.0	0.0	0.0	0.0	0.0	0.0	0.0	0.0	28.0	0.0	0.0	68.0	0.0	0.0	0.0	0.0	0.0	0.0	0.0	0.0	0.0	0.0	0.0	79.0	0.0	0.0	0.0	829.0	0.0
ASV_2_Haemophilus_nan	0.0	5846.0	6095.0	0.0	10545.0	228.0	2265.0	112.0	1044.0	0.0	0.0	22922.0	0.0	0.0	0.0	49.0	1048.0	1125.0	0.0	125.0	0.0	4311.0	65.0	0.0	90.0	0.0	0.0	0.0	0.0	12.0	0.0	0.0	0.0	0.0	0.0	9870.0	0.0	0.0	0.0	26.0	0.0	0.0	0.0	16.0	0.0	0.0	0.0	0.0	0.0	0.0	0.0	0.0	0.0	0.0	0.0	0.0	389.0	0.0	0.0	0.0	0.0	41.0	173.0	0.0	0.0	15532.0	0.0	90.0	0.0	0.0	0.0	50.0	0.0	651.0	61.0	0.0	0.0	0.0	0.0	0.0	0.0	0.0	0.0	4557.0	0.0	4241.0	10593.0	21.0	5643.0	611.0	0.0	0.0	33.0	54.0	7278.0	6093.0	1420.0	3502.0	5108.0	12212.0	407.0	0.0	0.0	0.0	0.0	0.0	0.0	6471.0	202.0	176.0	2843.0	0.0	0.0	178.0	0.0	0.0	427.0	0.0	658.0	7331.0	7535.0	619.0	200.0	0.0	518.0	520.0	175.0	700.0	40.0	0.0	12788.0	6892.0	18179.0	796.0	16047.0	168.0	376.0	0.0	0.0	0.0	95.0	148.0	968.0	0.0	0.0	75.0	548.0	591.0	122.0	158.0	0.0	0.0	0.0	813.0	0.0	0.0	20.0	1690.0	486.0	0.0	0.0	28.0	0.0	13853.0	1767.0	88.0	7420.0	0.0	0.0	0.0	0.0	113.0	4120.0	6347.0	0.0	0.0	0.0	0.0	55.0	0.0	283.0	13.0	0.0	0.0	12036.0	4787.0	0.0	18148.0	182.0	0.0	26.0	4036.0	0.0	157.0	231.0	80.0	51.0	14664.0	0.0	0.0	185.0	92.0	0.0	0.0	0.0	0.0	62.0	0.0	967.0	2079.0
ASV_3_Haemophilus_nan	0.0	0.0	0.0	0.0	0.0	0.0	0.0	0.0	0.0	0.0	0.0	0.0	0.0	0.0	6986.0	0.0	0.0	0.0	0.0	0.0	0.0	5945.0	81.0	1374.0	0.0	0.0	0.0	0.0	0.0	0.0	0.0	0.0	0.0	0.0	0.0	0.0	0.0	0.0	0.0	0.0	0.0	0.0	0.0	0.0	0.0	0.0	0.0	0.0	0.0	0.0	0.0	0.0	0.0	0.0	0.0	9828.0	9409.0	0.0	0.0	0.0	0.0	0.0	0.0	0.0	0.0	0.0	0.0	9560.0	67.0	0.0	0.0	0.0	0.0	0.0	14229.0	0.0	0.0	0.0	0.0	0.0	0.0	0.0	0.0	5368.0	0.0	0.0	0.0	0.0	0.0	7641.0	0.0	0.0	0.0	0.0	0.0	0.0	0.0	3374.0	5244.0	2223.0	2087.0	0.0	0.0	0.0	0.0	0.0	0.0	1385.0	0.0	0.0	0.0	0.0	20.0	0.0	0.0	12251.0	14214.0	14747.0	3753.0	0.0	0.0	0.0	10842.0	0.0	249.0	281.0	0.0	0.0	0.0	0.0	1805.0	2646.0	0.0	0.0	2972.0	12142.0	1281.0	2151.0	13797.0	153.0	125.0	0.0	0.0	0.0	0.0	0.0	0.0	0.0	0.0	0.0	14.0	10403.0	6093.0	0.0	0.0	0.0	0.0	0.0	0.0	0.0	0.0	0.0	0.0	2681.0	193.0	0.0	0.0	0.0	0.0	0.0	14.0	0.0	4423.0	6693.0	12284.0	17454.0	9024.0	17.0	122.0	0.0	0.0	0.0	20.0	0.0	0.0	0.0	16740.0	4592.0	25463.0	0.0	0.0	5035.0	583.0	26650.0	113.0	30599.0	42.0	2712.0	21292.0	12389.0	451.0	0.0	61.0	0.0	0.0	0.0	0.0	0.0	0.0	428.0
ASV_1_Moraxella_nan	0.0	13882.0	9274.0	16890.0	12988.0	31650.0	19.0	0.0	1156.0	0.0	0.0	5674.0	9.0	12.0	14590.0	2752.0	1443.0	17072.0	9.0	23095.0	10490.0	10354.0	28225.0	29441.0	10.0	22.0	0.0	1502.0	0.0	18010.0	0.0	28.0	80.0	0.0	0.0	10629.0	0.0	0.0	0.0	19.0	0.0	19972.0	6595.0	14168.0	6266.0	0.0	13611.0	13304.0	23367.0	2221.0	3922.0	932.0	26637.0	6113.0	173.0	9590.0	14821.0	13473.0	1439.0	11053.0	22827.0	22735.0	26811.0	26754.0	22706.0	2097.0	0.0	85.0	14851.0	0.0	17509.0	0.0	5363.0	21157.0	4165.0	0.0	32.0	501.0	12.0	5430.0	17868.0	0.0	32322.0	7124.0	36.0	1805.0	195.0	17131.0	8233.0	7977.0	2188.0	0.0	10555.0	13.0	0.0	24.0	2067.0	4127.0	86.0	353.0	9540.0	3580.0	22.0	0.0	0.0	0.0	29641.0	6984.0	0.0	18.0	1722.0	20.0	2535.0	1511.0	0.0	45.0	27.0	657.0	959.0	7249.0	3613.0	1560.0	9842.0	30.0	8439.0	5158.0	469.0	11494.0	2143.0	0.0	1775.0	7242.0	28.0	25019.0	4400.0	136.0	238.0	4735.0	61.0	105.0	6516.0	0.0	16.0	34.0	2895.0	12159.0	5579.0	163.0	140.0	13255.0	4904.0	7384.0	3498.0	142.0	108.0	1282.0	144.0	2143.0	15279.0	0.0	19.0	9850.0	14276.0	1429.0	9218.0	0.0	121.0	25280.0	23203.0	674.0	311.0	13.0	12400.0	1373.0	202.0	293.0	1904.0	202.0	28398.0	30159.0	175.0	0.0	22086.0	13711.0	6497.0	973.0	2455.0	2739.0	389.0	417.0	24179.0	3025.0	248.0	94.0	20676.0	398.0	21583.0	913.0	636.0	173.0	20513.0	25621.0	33742.0	13446.0	245.0	184.0	23727.0	15.0	16533.0	20565.0
